Kohezijska / statistična regija,Do 2 meseca,3 do 5 mesecev,6 do 8 mesecev,9 do 11 mesecev,"12 do 23
 mesecev","24 do 35
 mesecev",36 mesecev ali več,Skupaj,month,year,"Kohezijska /
statistična regija","do 2
mes.","3-5
mes.","6-8
mes.","9-11
mes.","12-23
mes.","24-35
mes.","36 mes.
ali več"
Slovenija,21974.0,11742.0,6073.0,4469.0,14511.0,6810.0,22340.0,87919.0,JAN,2018,,,,,,,,
,,,,,,,,,JAN,2018,,,,,,,,
Vzhodna Slovenija,13167.0,6813.0,3440.0,2571.0,8565.0,4157.0,13459.0,52172.0,JAN,2018,,,,,,,,
Jugovzhodna Slovenija,1265.0,718.0,413.0,252.0,878.0,506.0,2167.0,6199.0,JAN,2018,,,,,,,,
Koroška,753.0,408.0,156.0,109.0,416.0,200.0,613.0,2655.0,JAN,2018,,,,,,,,
Podravska,4103.0,2193.0,1125.0,857.0,2683.0,1273.0,2956.0,15190.0,JAN,2018,,,,,,,,
Pomurska,2045.0,824.0,414.0,310.0,1081.0,553.0,2334.0,7561.0,JAN,2018,,,,,,,,
Posavska,810.0,424.0,233.0,154.0,580.0,285.0,1197.0,3683.0,JAN,2018,,,,,,,,
Primorsko-notranjska,559.0,274.0,141.0,87.0,349.0,149.0,499.0,2058.0,JAN,2018,,,,,,,,
Savinjska,3057.0,1613.0,768.0,649.0,2117.0,936.0,3021.0,12161.0,JAN,2018,,,,,,,,
Zasavska,575.0,359.0,190.0,153.0,461.0,255.0,672.0,2665.0,JAN,2018,,,,,,,,
,,,,,,,,,JAN,2018,,,,,,,,
Zahodna Slovenija,8486.0,4834.0,2599.0,1862.0,5898.0,2641.0,8860.0,35180.0,JAN,2018,,,,,,,,
Gorenjska,1854.0,874.0,450.0,345.0,945.0,391.0,1005.0,5864.0,JAN,2018,,,,,,,,
Goriška,890.0,547.0,298.0,214.0,639.0,229.0,742.0,3559.0,JAN,2018,,,,,,,,
Obalno-kraška,1289.0,660.0,320.0,261.0,749.0,311.0,962.0,4552.0,JAN,2018,,,,,,,,
Osrednjeslovenska,4453.0,2753.0,1531.0,1042.0,3565.0,1710.0,6151.0,21205.0,JAN,2018,,,,,,,,
,,,,,,,,,JAN,2018,,,,,,,,
Občina izven RS,321.0,95.0,34.0,36.0,48.0,12.0,21.0,567.0,JAN,2018,,,,,,,,
Slovenija,19387.0,12844.0,6181.0,4421.0,14295.0,6603.0,21952.0,85683.0,FEB,2018,,,,,,,,
,,,,,,,,,FEB,2018,,,,,,,,
Vzhodna Slovenija,11629.0,7508.0,3445.0,2558.0,8439.0,3994.0,13214.0,50787.0,FEB,2018,,,,,,,,
Jugovzhodna Slovenija,1112.0,779.0,433.0,267.0,850.0,469.0,2114.0,6024.0,FEB,2018,,,,,,,,
Koroška,632.0,447.0,161.0,122.0,389.0,204.0,601.0,2556.0,FEB,2018,,,,,,,,
Podravska,3641.0,2400.0,1062.0,875.0,2701.0,1221.0,2922.0,14822.0,FEB,2018,,,,,,,,
Pomurska,1724.0,1000.0,406.0,324.0,1050.0,520.0,2296.0,7320.0,FEB,2018,,,,,,,,
Posavska,729.0,452.0,256.0,156.0,556.0,277.0,1192.0,3618.0,FEB,2018,,,,,,,,
Primorsko-notranjska,484.0,303.0,147.0,83.0,334.0,145.0,479.0,1975.0,FEB,2018,,,,,,,,
Savinjska,2782.0,1734.0,800.0,602.0,2095.0,915.0,2965.0,11893.0,FEB,2018,,,,,,,,
Zasavska,525.0,393.0,180.0,129.0,464.0,243.0,645.0,2579.0,FEB,2018,,,,,,,,
,,,,,,,,,FEB,2018,,,,,,,,
Zahodna Slovenija,7473.0,5232.0,2688.0,1834.0,5805.0,2599.0,8714.0,34345.0,FEB,2018,,,,,,,,
Gorenjska,1686.0,952.0,454.0,333.0,932.0,391.0,973.0,5721.0,FEB,2018,,,,,,,,
Goriška,758.0,542.0,327.0,191.0,635.0,234.0,724.0,3411.0,FEB,2018,,,,,,,,
Obalno-kraška,1042.0,787.0,340.0,245.0,723.0,300.0,951.0,4388.0,FEB,2018,,,,,,,,
Osrednjeslovenska,3987.0,2951.0,1567.0,1065.0,3515.0,1674.0,6066.0,20825.0,FEB,2018,,,,,,,,
,,,,,,,,,FEB,2018,,,,,,,,
Občina izven RS,285.0,104.0,48.0,29.0,51.0,10.0,24.0,551.0,FEB,2018,,,,,,,,
Slovenija,16160.0,11886.0,6667.0,4258.0,14091.0,6450.0,21708.0,81220.0,MAR,2018,,,,,,,,
,,,,,,,,,MAR,2018,,,,,,,,
Vzhodna Slovenija,9544.0,6961.0,3721.0,2442.0,8294.0,3913.0,13071.0,47946.0,MAR,2018,,,,,,,,
Jugovzhodna Slovenija,963.0,723.0,428.0,299.0,838.0,458.0,2105.0,5814.0,MAR,2018,,,,,,,,
Koroška,529.0,394.0,202.0,108.0,387.0,204.0,590.0,2414.0,MAR,2018,,,,,,,,
Podravska,3078.0,2188.0,1159.0,827.0,2692.0,1211.0,2892.0,14047.0,MAR,2018,,,,,,,,
Pomurska,1212.0,938.0,443.0,301.0,1027.0,510.0,2264.0,6695.0,MAR,2018,,,,,,,,
Posavska,550.0,412.0,255.0,148.0,513.0,281.0,1177.0,3336.0,MAR,2018,,,,,,,,
Primorsko-notranjska,405.0,304.0,146.0,88.0,316.0,136.0,467.0,1862.0,MAR,2018,,,,,,,,
Savinjska,2329.0,1629.0,907.0,539.0,2077.0,888.0,2936.0,11305.0,MAR,2018,,,,,,,,
Zasavska,478.0,373.0,181.0,132.0,444.0,225.0,640.0,2473.0,MAR,2018,,,,,,,,
,,,,,,,,,MAR,2018,,,,,,,,
Zahodna Slovenija,6416.0,4837.0,2891.0,1791.0,5740.0,2526.0,8614.0,32815.0,MAR,2018,,,,,,,,
Gorenjska,1321.0,934.0,480.0,312.0,944.0,359.0,949.0,5299.0,MAR,2018,,,,,,,,
Goriška,700.0,464.0,343.0,203.0,631.0,223.0,722.0,3286.0,MAR,2018,,,,,,,,
Obalno-kraška,899.0,715.0,381.0,222.0,724.0,297.0,947.0,4185.0,MAR,2018,,,,,,,,
Osrednjeslovenska,3496.0,2724.0,1687.0,1054.0,3441.0,1647.0,5996.0,20045.0,MAR,2018,,,,,,,,
,,,,,,,,,MAR,2018,,,,,,,,
Občina izven RS,200.0,88.0,55.0,25.0,57.0,11.0,23.0,459.0,MAR,2018,,,,,,,,
Slovenija,12276.0,11819.0,8205.0,4745.0,13791.0,6278.0,21441.0,78555.0,APR,2018,,,,,,,,
,,,,,,,,,APR,2018,,,,,,,,
Vzhodna Slovenija,7022.0,6907.0,4761.0,2679.0,8087.0,3837.0,12900.0,46193.0,APR,2018,,,,,,,,
Jugovzhodna Slovenija,679.0,770.0,516.0,334.0,829.0,434.0,2077.0,5639.0,APR,2018,,,,,,,,
Koroška,451.0,364.0,272.0,113.0,376.0,203.0,588.0,2367.0,APR,2018,,,,,,,,
Podravska,2222.0,2167.0,1542.0,892.0,2625.0,1202.0,2832.0,13482.0,APR,2018,,,,,,,,
Pomurska,807.0,907.0,578.0,325.0,975.0,503.0,2227.0,6322.0,APR,2018,,,,,,,,
Posavska,442.0,393.0,305.0,171.0,513.0,277.0,1168.0,3269.0,APR,2018,,,,,,,,
Primorsko-notranjska,334.0,307.0,171.0,96.0,301.0,130.0,465.0,1804.0,APR,2018,,,,,,,,
Savinjska,1731.0,1648.0,1136.0,606.0,2034.0,881.0,2913.0,10949.0,APR,2018,,,,,,,,
Zasavska,356.0,351.0,241.0,142.0,434.0,207.0,630.0,2361.0,APR,2018,,,,,,,,
,,,,,,,,,APR,2018,,,,,,,,
Zahodna Slovenija,5130.0,4822.0,3384.0,2041.0,5642.0,2428.0,8519.0,31966.0,APR,2018,,,,,,,,
Gorenjska,1087.0,926.0,595.0,343.0,921.0,355.0,925.0,5152.0,APR,2018,,,,,,,,
Goriška,533.0,508.0,348.0,220.0,621.0,214.0,715.0,3159.0,APR,2018,,,,,,,,
Obalno-kraška,709.0,681.0,434.0,258.0,721.0,288.0,925.0,4016.0,APR,2018,,,,,,,,
Osrednjeslovenska,2801.0,2707.0,2007.0,1220.0,3379.0,1571.0,5954.0,19639.0,APR,2018,,,,,,,,
,,,,,,,,,APR,2018,,,,,,,,
Občina izven RS,124.0,90.0,60.0,25.0,62.0,13.0,22.0,396.0,APR,2018,,,,,,,,
Slovenija,12191.0,10152.0,8673.0,4778.0,13449.0,6197.0,21265.0,76705.0,MAJ,2018,,,,,,,,
,,,,,,,,,MAJ,2018,,,,,,,,
Vzhodna Slovenija,6995.0,5915.0,5070.0,2661.0,7888.0,3751.0,12775.0,45055.0,MAJ,2018,,,,,,,,
Jugovzhodna Slovenija,707.0,665.0,537.0,348.0,819.0,424.0,2030.0,5530.0,MAJ,2018,,,,,,,,
Koroška,435.0,293.0,287.0,127.0,369.0,191.0,593.0,2295.0,MAJ,2018,,,,,,,,
Podravska,2236.0,1869.0,1663.0,812.0,2612.0,1170.0,2814.0,13176.0,MAJ,2018,,,,,,,,
Pomurska,751.0,737.0,615.0,315.0,951.0,493.0,2213.0,6075.0,MAJ,2018,,,,,,,,
Posavska,460.0,340.0,295.0,192.0,490.0,272.0,1154.0,3203.0,MAJ,2018,,,,,,,,
Primorsko-notranjska,302.0,250.0,177.0,104.0,292.0,130.0,457.0,1712.0,MAJ,2018,,,,,,,,
Savinjska,1720.0,1434.0,1223.0,628.0,1941.0,868.0,2896.0,10710.0,MAJ,2018,,,,,,,,
Zasavska,384.0,327.0,273.0,135.0,414.0,203.0,618.0,2354.0,MAJ,2018,,,,,,,,
,,,,,,,,,MAJ,2018,,,,,,,,
Zahodna Slovenija,5060.0,4161.0,3549.0,2083.0,5505.0,2431.0,8469.0,31258.0,MAJ,2018,,,,,,,,
Gorenjska,1059.0,814.0,631.0,339.0,914.0,348.0,915.0,5020.0,MAJ,2018,,,,,,,,
Goriška,508.0,427.0,351.0,249.0,593.0,213.0,710.0,3051.0,MAJ,2018,,,,,,,,
Obalno-kraška,714.0,535.0,477.0,265.0,690.0,295.0,915.0,3891.0,MAJ,2018,,,,,,,,
Osrednjeslovenska,2779.0,2385.0,2090.0,1230.0,3308.0,1575.0,5929.0,19296.0,MAJ,2018,,,,,,,,
,,,,,,,,,MAJ,2018,,,,,,,,
Občina izven RS,136.0,76.0,54.0,34.0,56.0,15.0,21.0,392.0,MAJ,2018,,,,,,,,
Slovenija,11870.0,9948.0,7922.0,5143.0,13113.0,6068.0,20924.0,74988.0,JUN,2018,,,,,,,,
,,,,,,,,,JUN,2018,,,,,,,,
Vzhodna Slovenija,6811.0,5821.0,4578.0,2873.0,7690.0,3648.0,12591.0,44012.0,JUN,2018,,,,,,,,
Jugovzhodna Slovenija,706.0,645.0,499.0,341.0,817.0,413.0,1996.0,5417.0,JUN,2018,,,,,,,,
Koroška,411.0,293.0,239.0,140.0,337.0,197.0,591.0,2208.0,JUN,2018,,,,,,,,
Podravska,2139.0,1881.0,1464.0,890.0,2553.0,1133.0,2762.0,12822.0,JUN,2018,,,,,,,,
Pomurska,719.0,680.0,577.0,323.0,935.0,472.0,2180.0,5886.0,JUN,2018,,,,,,,,
Posavska,449.0,338.0,261.0,201.0,486.0,263.0,1141.0,3139.0,JUN,2018,,,,,,,,
Primorsko-notranjska,276.0,223.0,188.0,100.0,297.0,124.0,443.0,1651.0,JUN,2018,,,,,,,,
Savinjska,1719.0,1451.0,1082.0,741.0,1862.0,847.0,2867.0,10569.0,JUN,2018,,,,,,,,
Zasavska,392.0,310.0,268.0,137.0,403.0,199.0,611.0,2320.0,JUN,2018,,,,,,,,
,,,,,,,,,JUN,2018,,,,,,,,
Zahodna Slovenija,4935.0,4053.0,3299.0,2233.0,5365.0,2405.0,8311.0,30601.0,JUN,2018,,,,,,,,
Gorenjska,1018.0,780.0,599.0,365.0,884.0,350.0,883.0,4879.0,JUN,2018,,,,,,,,
Goriška,522.0,431.0,312.0,249.0,581.0,217.0,698.0,3010.0,JUN,2018,,,,,,,,
Obalno-kraška,661.0,524.0,416.0,284.0,650.0,272.0,922.0,3729.0,JUN,2018,,,,,,,,
Osrednjeslovenska,2734.0,2318.0,1972.0,1335.0,3250.0,1566.0,5808.0,18983.0,JUN,2018,,,,,,,,
,,,,,,,,,JUN,2018,,,,,,,,
Občina izven RS,124.0,74.0,45.0,37.0,58.0,15.0,22.0,375.0,JUN,2018,,,,,,,,
Slovenija,13674.0,7938.0,8382.0,6167.0,13234.0,5969.0,20687.0,76051.0,JUL,2018,,,,,,,,
,,,,,,,,,JUL,2018,,,,,,,,
Vzhodna Slovenija,7964.0,4453.0,4887.0,3605.0,7726.0,3567.0,12459.0,44661.0,JUL,2018,,,,,,,,
Jugovzhodna Slovenija,880.0,445.0,572.0,396.0,840.0,399.0,1970.0,5502.0,JUL,2018,,,,,,,,
Koroška,464.0,266.0,224.0,187.0,319.0,191.0,591.0,2242.0,JUL,2018,,,,,,,,
Podravska,2499.0,1414.0,1559.0,1153.0,2567.0,1107.0,2728.0,13027.0,JUL,2018,,,,,,,,
Pomurska,815.0,487.0,636.0,426.0,925.0,480.0,2155.0,5924.0,JUL,2018,,,,,,,,
Posavska,549.0,270.0,261.0,239.0,486.0,259.0,1139.0,3203.0,JUL,2018,,,,,,,,
Primorsko-notranjska,294.0,198.0,198.0,129.0,292.0,113.0,440.0,1664.0,JUL,2018,,,,,,,,
Savinjska,1966.0,1140.0,1167.0,894.0,1886.0,824.0,2834.0,10711.0,JUL,2018,,,,,,,,
Zasavska,497.0,233.0,270.0,181.0,411.0,194.0,602.0,2388.0,JUL,2018,,,,,,,,
,,,,,,,,,JUL,2018,,,,,,,,
Zahodna Slovenija,5587.0,3418.0,3448.0,2524.0,5452.0,2386.0,8206.0,31021.0,JUL,2018,,,,,,,,
Gorenjska,1127.0,665.0,644.0,430.0,863.0,329.0,876.0,4934.0,JUL,2018,,,,,,,,
Goriška,636.0,338.0,359.0,249.0,595.0,216.0,696.0,3089.0,JUL,2018,,,,,,,,
Obalno-kraška,744.0,454.0,429.0,307.0,671.0,261.0,925.0,3791.0,JUL,2018,,,,,,,,
Osrednjeslovenska,3080.0,1961.0,2016.0,1538.0,3323.0,1580.0,5709.0,19207.0,JUL,2018,,,,,,,,
,,,,,,,,,JUL,2018,,,,,,,,
Občina izven RS,123.0,67.0,47.0,38.0,56.0,16.0,22.0,369.0,JUL,2018,,,,,,,,
Slovenija,13228.0,8895.0,7554.0,6622.0,13249.0,5855.0,20517.0,75920.0,AVG,2018,,,,,,,,
,,,,,,,,,AVG,2018,,,,,,,,
Vzhodna Slovenija,7698.0,5019.0,4413.0,3882.0,7690.0,3521.0,12380.0,44603.0,AVG,2018,,,,,,,,
Jugovzhodna Slovenija,855.0,534.0,512.0,420.0,865.0,384.0,1966.0,5536.0,AVG,2018,,,,,,,,
Koroška,455.0,302.0,201.0,192.0,323.0,187.0,591.0,2251.0,AVG,2018,,,,,,,,
Podravska,2388.0,1589.0,1389.0,1269.0,2510.0,1101.0,2706.0,12952.0,AVG,2018,,,,,,,,
Pomurska,839.0,507.0,556.0,485.0,921.0,469.0,2131.0,5908.0,AVG,2018,,,,,,,,
Posavska,519.0,323.0,256.0,229.0,489.0,259.0,1135.0,3210.0,AVG,2018,,,,,,,,
Primorsko-notranjska,328.0,211.0,186.0,129.0,304.0,111.0,430.0,1699.0,AVG,2018,,,,,,,,
Savinjska,1835.0,1265.0,1073.0,952.0,1877.0,813.0,2829.0,10644.0,AVG,2018,,,,,,,,
Zasavska,479.0,288.0,240.0,206.0,401.0,197.0,592.0,2403.0,AVG,2018,,,,,,,,
,,,,,,,,,AVG,2018,,,,,,,,
Zahodna Slovenija,5397.0,3801.0,3092.0,2705.0,5501.0,2318.0,8116.0,30930.0,AVG,2018,,,,,,,,
Gorenjska,1072.0,738.0,577.0,452.0,871.0,307.0,865.0,4882.0,AVG,2018,,,,,,,,
Goriška,613.0,387.0,307.0,266.0,599.0,212.0,688.0,3072.0,AVG,2018,,,,,,,,
Obalno-kraška,724.0,523.0,390.0,323.0,680.0,250.0,922.0,3812.0,AVG,2018,,,,,,,,
Osrednjeslovenska,2988.0,2153.0,1818.0,1664.0,3351.0,1549.0,5641.0,19164.0,AVG,2018,,,,,,,,
,,,,,,,,,AVG,2018,,,,,,,,
Občina izven RS,133.0,75.0,49.0,35.0,58.0,16.0,21.0,387.0,AVG,2018,,,,,,,,
Slovenija,12994.0,8190.0,7445.0,6081.0,13023.0,5716.0,20332.0,73781.0,SEP,2018,,,,,,,,
,,,,,,,,,SEP,2018,,,,,,,,
Vzhodna Slovenija,7439.0,4617.0,4332.0,3517.0,7555.0,3435.0,12276.0,43171.0,SEP,2018,,,,,,,,
Jugovzhodna Slovenija,814.0,491.0,507.0,392.0,834.0,345.0,1954.0,5337.0,SEP,2018,,,,,,,,
Koroška,386.0,278.0,212.0,174.0,311.0,179.0,595.0,2135.0,SEP,2018,,,,,,,,
Podravska,2340.0,1469.0,1372.0,1115.0,2504.0,1082.0,2692.0,12574.0,SEP,2018,,,,,,,,
Pomurska,809.0,468.0,513.0,451.0,902.0,470.0,2106.0,5719.0,SEP,2018,,,,,,,,
Posavska,529.0,317.0,263.0,199.0,475.0,258.0,1130.0,3171.0,SEP,2018,,,,,,,,
Primorsko-notranjska,330.0,181.0,160.0,149.0,280.0,108.0,425.0,1633.0,SEP,2018,,,,,,,,
Savinjska,1789.0,1154.0,1087.0,826.0,1866.0,794.0,2795.0,10311.0,SEP,2018,,,,,,,,
Zasavska,442.0,259.0,218.0,211.0,383.0,199.0,579.0,2291.0,SEP,2018,,,,,,,,
,,,,,,,,,SEP,2018,,,,,,,,
Zahodna Slovenija,5422.0,3507.0,3064.0,2538.0,5400.0,2267.0,8034.0,30232.0,SEP,2018,,,,,,,,
Gorenjska,1041.0,653.0,571.0,420.0,842.0,286.0,856.0,4669.0,SEP,2018,,,,,,,,
Goriška,624.0,355.0,316.0,233.0,579.0,208.0,676.0,2991.0,SEP,2018,,,,,,,,
Obalno-kraška,758.0,461.0,382.0,318.0,654.0,246.0,915.0,3734.0,SEP,2018,,,,,,,,
Osrednjeslovenska,2999.0,2038.0,1795.0,1567.0,3325.0,1527.0,5587.0,18838.0,SEP,2018,,,,,,,,
,,,,,,,,,SEP,2018,,,,,,,,
Občina izven RS,133.0,66.0,49.0,26.0,68.0,14.0,22.0,378.0,SEP,2018,,,,,,,,
Slovenija,16106.0,8669.0,5785.0,6407.0,13268.0,5799.0,20198.0,76232.0,OKT,2018,,,,,,,,
,,,,,,,,,OKT,2018,,,,,,,,
Vzhodna Slovenija,9304.0,4946.0,3198.0,3746.0,7762.0,3459.0,12187.0,44602.0,OKT,2018,,,,,,,,
Jugovzhodna Slovenija,953.0,537.0,341.0,462.0,850.0,346.0,1900.0,5389.0,OKT,2018,,,,,,,,
Koroška,553.0,261.0,176.0,173.0,336.0,174.0,597.0,2270.0,OKT,2018,,,,,,,,
Podravska,2894.0,1561.0,1005.0,1184.0,2574.0,1102.0,2694.0,13014.0,OKT,2018,,,,,,,,
Pomurska,1114.0,499.0,348.0,498.0,936.0,477.0,2082.0,5954.0,OKT,2018,,,,,,,,
Posavska,655.0,357.0,215.0,197.0,485.0,265.0,1133.0,3307.0,OKT,2018,,,,,,,,
Primorsko-notranjska,408.0,180.0,133.0,142.0,281.0,105.0,421.0,1670.0,OKT,2018,,,,,,,,
Savinjska,2237.0,1252.0,817.0,881.0,1907.0,786.0,2776.0,10656.0,OKT,2018,,,,,,,,
Zasavska,490.0,299.0,163.0,209.0,393.0,204.0,584.0,2342.0,OKT,2018,,,,,,,,
,,,,,,,,,OKT,2018,,,,,,,,
Zahodna Slovenija,6655.0,3653.0,2539.0,2635.0,5436.0,2327.0,7991.0,31236.0,OKT,2018,,,,,,,,
Gorenjska,1324.0,672.0,476.0,457.0,859.0,286.0,857.0,4931.0,OKT,2018,,,,,,,,
Goriška,827.0,368.0,240.0,271.0,542.0,225.0,675.0,3148.0,OKT,2018,,,,,,,,
Obalno-kraška,982.0,494.0,320.0,325.0,655.0,265.0,908.0,3949.0,OKT,2018,,,,,,,,
Osrednjeslovenska,3522.0,2119.0,1503.0,1582.0,3380.0,1551.0,5551.0,19208.0,OKT,2018,,,,,,,,
,,,,,,,,,OKT,2018,,,,,,,,
Občina izven RS,147.0,70.0,48.0,26.0,70.0,13.0,20.0,394.0,OKT,2018,,,,,,,,
Slovenija,17199.0,7728.0,6286.0,5722.0,13358.0,5781.0,20025.0,76099.0,NOV,2018,,,,,,,,
,,,,,,,,,NOV,2018,,,,,,,,
Vzhodna Slovenija,9839.0,4354.0,3520.0,3347.0,7803.0,3450.0,12106.0,44419.0,NOV,2018,,,,,,,,
Jugovzhodna Slovenija,991.0,483.0,394.0,408.0,851.0,338.0,1888.0,5353.0,NOV,2018,,,,,,,,
Koroška,563.0,223.0,199.0,142.0,350.0,170.0,596.0,2243.0,NOV,2018,,,,,,,,
Podravska,3124.0,1376.0,1127.0,1038.0,2562.0,1128.0,2668.0,13023.0,NOV,2018,,,,,,,,
Pomurska,1228.0,464.0,349.0,435.0,957.0,479.0,2081.0,5993.0,NOV,2018,,,,,,,,
Posavska,685.0,298.0,246.0,197.0,487.0,253.0,1132.0,3298.0,NOV,2018,,,,,,,,
Primorsko-notranjska,410.0,188.0,141.0,128.0,279.0,111.0,416.0,1673.0,NOV,2018,,,,,,,,
Savinjska,2322.0,1056.0,871.0,812.0,1918.0,776.0,2747.0,10502.0,NOV,2018,,,,,,,,
Zasavska,516.0,266.0,193.0,187.0,399.0,195.0,578.0,2334.0,NOV,2018,,,,,,,,
,,,,,,,,,NOV,2018,,,,,,,,
Zahodna Slovenija,7183.0,3310.0,2722.0,2344.0,5489.0,2320.0,7899.0,31267.0,NOV,2018,,,,,,,,
Gorenjska,1477.0,597.0,480.0,433.0,850.0,279.0,839.0,4955.0,NOV,2018,,,,,,,,
Goriška,838.0,357.0,269.0,222.0,553.0,231.0,666.0,3136.0,NOV,2018,,,,,,,,
Obalno-kraška,1150.0,461.0,367.0,280.0,667.0,267.0,908.0,4100.0,NOV,2018,,,,,,,,
Osrednjeslovenska,3718.0,1895.0,1606.0,1409.0,3419.0,1543.0,5486.0,19076.0,NOV,2018,,,,,,,,
,,,,,,,,,NOV,2018,,,,,,,,
Občina izven RS,177.0,64.0,44.0,31.0,66.0,11.0,20.0,413.0,NOV,2018,,,,,,,,
Slovenija,17602.0,10031.0,6070.0,5840.0,13258.0,5761.0,19972.0,78534.0,DEC,2018,,,,,,,,
,,,,,,,,,DEC,2018,,,,,,,,
Vzhodna Slovenija,10189.0,5726.0,3420.0,3438.0,7712.0,3433.0,12098.0,46016.0,DEC,2018,,,,,,,,
Jugovzhodna Slovenija,922.0,615.0,381.0,420.0,840.0,323.0,1885.0,5386.0,DEC,2018,,,,,,,,
Koroška,549.0,289.0,186.0,168.0,341.0,168.0,594.0,2295.0,DEC,2018,,,,,,,,
Podravska,3243.0,1835.0,1100.0,1061.0,2515.0,1115.0,2688.0,13557.0,DEC,2018,,,,,,,,
Pomurska,1503.0,614.0,352.0,423.0,955.0,487.0,2072.0,6406.0,DEC,2018,,,,,,,,
Posavska,767.0,396.0,234.0,216.0,477.0,252.0,1140.0,3482.0,DEC,2018,,,,,,,,
Primorsko-notranjska,410.0,250.0,132.0,106.0,303.0,107.0,415.0,1723.0,DEC,2018,,,,,,,,
Savinjska,2335.0,1374.0,839.0,871.0,1875.0,789.0,2740.0,10823.0,DEC,2018,,,,,,,,
Zasavska,460.0,353.0,196.0,173.0,406.0,192.0,564.0,2344.0,DEC,2018,,,,,,,,
,,,,,,,,,DEC,2018,,,,,,,,
Zahodna Slovenija,7120.0,4229.0,2608.0,2367.0,5484.0,2317.0,7853.0,31978.0,DEC,2018,,,,,,,,
Gorenjska,1672.0,771.0,452.0,431.0,831.0,287.0,823.0,5267.0,DEC,2018,,,,,,,,
Goriška,741.0,474.0,247.0,239.0,552.0,229.0,663.0,3145.0,DEC,2018,,,,,,,,
Obalno-kraška,1044.0,631.0,350.0,285.0,677.0,267.0,906.0,4160.0,DEC,2018,,,,,,,,
Osrednjeslovenska,3663.0,2353.0,1559.0,1412.0,3424.0,1534.0,5461.0,19406.0,DEC,2018,,,,,,,,
,,,,,,,,,DEC,2018,,,,,,,,
Občina izven RS,293.0,76.0,42.0,35.0,62.0,11.0,21.0,540.0,DEC,2018,,,,,,,,
Slovenija,21201.0,10850.0,6461.0,4544.0,13585.0,6036.0,20114.0,82791.0,JAN,2019,,,,,,,,
,,,,,,,,,JAN,2019,,,,,,,,
Vzhodna Slovenija,12597.0,6215.0,3659.0,2550.0,7944.0,3633.0,12195.0,48793.0,JAN,2019,,,,,,,,
Jugovzhodna Slovenija,1162.0,618.0,424.0,284.0,921.0,335.0,1883.0,5627.0,JAN,2019,,,,,,,,
Koroška,670.0,334.0,189.0,143.0,332.0,176.0,607.0,2451.0,JAN,2019,,,,,,,,
Podravska,4029.0,2007.0,1149.0,805.0,2575.0,1194.0,2743.0,14502.0,JAN,2019,,,,,,,,
Pomurska,1996.0,743.0,376.0,277.0,990.0,494.0,2072.0,6948.0,JAN,2019,,,,,,,,
Posavska,837.0,429.0,255.0,175.0,473.0,251.0,1146.0,3566.0,JAN,2019,,,,,,,,
Primorsko-notranjska,457.0,262.0,136.0,103.0,280.0,124.0,417.0,1779.0,JAN,2019,,,,,,,,
Savinjska,2866.0,1495.0,910.0,632.0,1951.0,867.0,2759.0,11480.0,JAN,2019,,,,,,,,
Zasavska,580.0,327.0,220.0,131.0,422.0,192.0,568.0,2440.0,JAN,2019,,,,,,,,
,,,,,,,,,JAN,2019,,,,,,,,
Zahodna Slovenija,8180.0,4543.0,2760.0,1961.0,5578.0,2390.0,7897.0,33309.0,JAN,2019,,,,,,,,
Gorenjska,1876.0,809.0,490.0,348.0,864.0,297.0,821.0,5505.0,JAN,2019,,,,,,,,
Goriška,821.0,542.0,258.0,177.0,566.0,231.0,665.0,3260.0,JAN,2019,,,,,,,,
Obalno-kraška,1290.0,708.0,381.0,245.0,682.0,277.0,916.0,4499.0,JAN,2019,,,,,,,,
Osrednjeslovenska,4193.0,2484.0,1631.0,1191.0,3466.0,1585.0,5495.0,20045.0,JAN,2019,,,,,,,,
,,,,,,,,,JAN,2019,,,,,,,,
Občina izven RS,424.0,92.0,42.0,33.0,63.0,13.0,22.0,689.0,JAN,2019,,,,,,,,
Slovenija,19001.0,11789.0,5838.0,5010.0,13317.0,5943.0,19857.0,80755.0,FEB,2019,,,,,,,,
,,,,,,,,,FEB,2019,,,,,,,,
Vzhodna Slovenija,11358.0,6770.0,3293.0,2865.0,7749.0,3584.0,12001.0,47620.0,FEB,2019,,,,,,,,
Jugovzhodna Slovenija,994.0,660.0,368.0,342.0,910.0,335.0,1853.0,5462.0,FEB,2019,,,,,,,,
Koroška,633.0,366.0,160.0,152.0,333.0,163.0,599.0,2406.0,FEB,2019,,,,,,,,
Podravska,3573.0,2196.0,1050.0,912.0,2495.0,1213.0,2680.0,14119.0,FEB,2019,,,,,,,,
Pomurska,1687.0,855.0,358.0,292.0,943.0,484.0,2057.0,6676.0,FEB,2019,,,,,,,,
Posavska,675.0,461.0,228.0,194.0,481.0,242.0,1135.0,3416.0,FEB,2019,,,,,,,,
Primorsko-notranjska,408.0,271.0,137.0,112.0,270.0,112.0,415.0,1725.0,FEB,2019,,,,,,,,
Savinjska,2842.0,1618.0,779.0,702.0,1910.0,837.0,2718.0,11406.0,FEB,2019,,,,,,,,
Zasavska,546.0,343.0,213.0,159.0,407.0,198.0,544.0,2410.0,FEB,2019,,,,,,,,
,,,,,,,,,FEB,2019,,,,,,,,
Zahodna Slovenija,7263.0,4907.0,2503.0,2117.0,5505.0,2347.0,7834.0,32476.0,FEB,2019,,,,,,,,
Gorenjska,1670.0,934.0,444.0,355.0,880.0,283.0,811.0,5377.0,FEB,2019,,,,,,,,
Goriška,712.0,549.0,248.0,202.0,544.0,228.0,656.0,3139.0,FEB,2019,,,,,,,,
Obalno-kraška,1101.0,811.0,355.0,279.0,662.0,279.0,914.0,4401.0,FEB,2019,,,,,,,,
Osrednjeslovenska,3780.0,2613.0,1456.0,1281.0,3419.0,1557.0,5453.0,19559.0,FEB,2019,,,,,,,,
,,,,,,,,,FEB,2019,,,,,,,,
Občina izven RS,380.0,112.0,42.0,28.0,63.0,12.0,22.0,659.0,FEB,2019,,,,,,,,
Slovenija,15622.0,10224.0,7188.0,4762.0,13277.0,5819.0,19641.0,76533.0,MAR,2019,,,,,,,,
,,,,,,,,,MAR,2019,,,,,,,,
Vzhodna Slovenija,9101.0,5827.0,4127.0,2701.0,7690.0,3516.0,11877.0,44839.0,MAR,2019,,,,,,,,
Jugovzhodna Slovenija,893.0,539.0,416.0,327.0,906.0,324.0,1824.0,5229.0,MAR,2019,,,,,,,,
Koroška,565.0,324.0,205.0,132.0,345.0,163.0,593.0,2327.0,MAR,2019,,,,,,,,
Podravska,2786.0,1906.0,1334.0,869.0,2470.0,1177.0,2673.0,13215.0,MAR,2019,,,,,,,,
Pomurska,1164.0,755.0,456.0,281.0,913.0,478.0,2048.0,6095.0,MAR,2019,,,,,,,,
Posavska,528.0,419.0,280.0,189.0,477.0,232.0,1136.0,3261.0,MAR,2019,,,,,,,,
Primorsko-notranjska,353.0,227.0,171.0,103.0,273.0,110.0,411.0,1648.0,MAR,2019,,,,,,,,
Savinjska,2317.0,1370.0,1007.0,646.0,1903.0,836.0,2665.0,10744.0,MAR,2019,,,,,,,,
Zasavska,495.0,287.0,258.0,154.0,403.0,196.0,527.0,2320.0,MAR,2019,,,,,,,,
,,,,,,,,,MAR,2019,,,,,,,,
Zahodna Slovenija,6248.0,4283.0,3011.0,2037.0,5522.0,2292.0,7744.0,31137.0,MAR,2019,,,,,,,,
Gorenjska,1280.0,908.0,537.0,344.0,893.0,296.0,797.0,5055.0,MAR,2019,,,,,,,,
Goriška,655.0,440.0,324.0,169.0,569.0,217.0,662.0,3036.0,MAR,2019,,,,,,,,
Obalno-kraška,950.0,619.0,443.0,268.0,665.0,274.0,909.0,4128.0,MAR,2019,,,,,,,,
Osrednjeslovenska,3363.0,2316.0,1707.0,1256.0,3395.0,1505.0,5376.0,18918.0,MAR,2019,,,,,,,,
,,,,,,,,,MAR,2019,,,,,,,,
Občina izven RS,273.0,114.0,50.0,24.0,65.0,11.0,20.0,557.0,MAR,2019,,,,,,,,
Slovenija,11438.0,11457.0,7558.0,5087.0,13237.0,5750.0,19438.0,73965.0,APR,2019,,,,,,,,
,,,,,,,,,APR,2019,,,,,,,,
Vzhodna Slovenija,6429.0,6737.0,4357.0,2902.0,7634.0,3447.0,11771.0,43277.0,APR,2019,,,,,,,,
Jugovzhodna Slovenija,634.0,675.0,419.0,340.0,890.0,330.0,1777.0,5065.0,APR,2019,,,,,,,,
Koroška,429.0,342.0,235.0,143.0,353.0,157.0,595.0,2254.0,APR,2019,,,,,,,,
Podravska,2013.0,2130.0,1430.0,898.0,2492.0,1148.0,2657.0,12768.0,APR,2019,,,,,,,,
Pomurska,667.0,890.0,523.0,296.0,889.0,470.0,2023.0,5758.0,APR,2019,,,,,,,,
Posavska,355.0,441.0,300.0,201.0,471.0,224.0,1129.0,3121.0,APR,2019,,,,,,,,
Primorsko-notranjska,244.0,252.0,165.0,107.0,274.0,115.0,404.0,1561.0,APR,2019,,,,,,,,
Savinjska,1715.0,1608.0,1049.0,740.0,1869.0,804.0,2670.0,10455.0,APR,2019,,,,,,,,
Zasavska,372.0,399.0,236.0,177.0,396.0,199.0,516.0,2295.0,APR,2019,,,,,,,,
,,,,,,,,,APR,2019,,,,,,,,
Zahodna Slovenija,4792.0,4595.0,3143.0,2161.0,5543.0,2290.0,7646.0,30170.0,APR,2019,,,,,,,,
Gorenjska,1032.0,952.0,540.0,377.0,896.0,283.0,778.0,4858.0,APR,2019,,,,,,,,
Goriška,469.0,474.0,370.0,193.0,542.0,222.0,655.0,2925.0,APR,2019,,,,,,,,
Obalno-kraška,665.0,652.0,472.0,278.0,657.0,276.0,903.0,3903.0,APR,2019,,,,,,,,
Osrednjeslovenska,2626.0,2517.0,1761.0,1313.0,3448.0,1509.0,5310.0,18484.0,APR,2019,,,,,,,,
,,,,,,,,,APR,2019,,,,,,,,
Občina izven RS,217.0,125.0,58.0,24.0,60.0,13.0,21.0,518.0,APR,2019,,,,,,,,
Slovenija,10972.0,10194.0,7968.0,4514.0,13379.0,5684.0,19301.0,72012.0,MAJ,2019,,,,,,,,
,,,,,,,,,MAJ,2019,,,,,,,,
Vzhodna Slovenija,6060.0,5994.0,4625.0,2568.0,7743.0,3426.0,11692.0,42108.0,MAJ,2019,,,,,,,,
Jugovzhodna Slovenija,603.0,583.0,458.0,293.0,915.0,335.0,1747.0,4934.0,MAJ,2019,,,,,,,,
Koroška,428.0,309.0,257.0,128.0,352.0,159.0,592.0,2225.0,MAJ,2019,,,,,,,,
Podravska,1894.0,1878.0,1504.0,806.0,2497.0,1174.0,2635.0,12388.0,MAJ,2019,,,,,,,,
Pomurska,639.0,771.0,567.0,271.0,884.0,459.0,2021.0,5612.0,MAJ,2019,,,,,,,,
Posavska,342.0,364.0,322.0,184.0,505.0,216.0,1112.0,3045.0,MAJ,2019,,,,,,,,
Primorsko-notranjska,244.0,222.0,164.0,104.0,271.0,112.0,402.0,1519.0,MAJ,2019,,,,,,,,
Savinjska,1557.0,1507.0,1108.0,614.0,1904.0,785.0,2664.0,10139.0,MAJ,2019,,,,,,,,
Zasavska,353.0,360.0,245.0,168.0,415.0,186.0,519.0,2246.0,MAJ,2019,,,,,,,,
,,,,,,,,,MAJ,2019,,,,,,,,
Zahodna Slovenija,4726.0,4097.0,3277.0,1920.0,5581.0,2245.0,7587.0,29433.0,MAJ,2019,,,,,,,,
Gorenjska,998.0,828.0,596.0,332.0,906.0,280.0,741.0,4681.0,MAJ,2019,,,,,,,,
Goriška,476.0,404.0,375.0,187.0,537.0,211.0,639.0,2829.0,MAJ,2019,,,,,,,,
Obalno-kraška,621.0,561.0,471.0,254.0,658.0,269.0,888.0,3722.0,MAJ,2019,,,,,,,,
Osrednjeslovenska,2631.0,2304.0,1835.0,1147.0,3480.0,1485.0,5319.0,18201.0,MAJ,2019,,,,,,,,
,,,,,,,,,MAJ,2019,,,,,,,,
Občina izven RS,186.0,103.0,66.0,26.0,55.0,13.0,22.0,471.0,MAJ,2019,,,,,,,,
Slovenija,10472.0,10038.0,6733.0,5477.0,13245.0,5619.0,19163.0,70747.0,JUN,2019,,,,,,,,
,,,,,,,,,JUN,2019,,,,,,,,
Vzhodna Slovenija,5879.0,5801.0,3878.0,3165.0,7650.0,3382.0,11647.0,41402.0,JUN,2019,,,,,,,,
Jugovzhodna Slovenija,629.0,605.0,373.0,319.0,897.0,336.0,1724.0,4883.0,JUN,2019,,,,,,,,
Koroška,391.0,307.0,214.0,162.0,359.0,150.0,594.0,2177.0,JUN,2019,,,,,,,,
Podravska,1787.0,1834.0,1263.0,1036.0,2455.0,1172.0,2631.0,12178.0,JUN,2019,,,,,,,,
Pomurska,627.0,722.0,489.0,340.0,875.0,460.0,2021.0,5534.0,JUN,2019,,,,,,,,
Posavska,357.0,330.0,267.0,214.0,510.0,209.0,1112.0,2999.0,JUN,2019,,,,,,,,
Primorsko-notranjska,249.0,209.0,135.0,123.0,262.0,108.0,400.0,1486.0,JUN,2019,,,,,,,,
Savinjska,1522.0,1451.0,925.0,772.0,1887.0,771.0,2646.0,9974.0,JUN,2019,,,,,,,,
Zasavska,317.0,343.0,212.0,199.0,405.0,176.0,519.0,2171.0,JUN,2019,,,,,,,,
,,,,,,,,,JUN,2019,,,,,,,,
Zahodna Slovenija,4408.0,4141.0,2800.0,2284.0,5544.0,2224.0,7495.0,28896.0,JUN,2019,,,,,,,,
Gorenjska,931.0,815.0,562.0,392.0,906.0,270.0,733.0,4609.0,JUN,2019,,,,,,,,
Goriška,448.0,429.0,287.0,231.0,507.0,208.0,632.0,2742.0,JUN,2019,,,,,,,,
Obalno-kraška,546.0,564.0,350.0,302.0,640.0,267.0,878.0,3547.0,JUN,2019,,,,,,,,
Osrednjeslovenska,2483.0,2333.0,1601.0,1359.0,3491.0,1479.0,5252.0,17998.0,JUN,2019,,,,,,,,
,,,,,,,,,JUN,2019,,,,,,,,
Občina izven RS,185.0,96.0,55.0,28.0,51.0,13.0,21.0,449.0,JUN,2019,,,,,,,,
Slovenija,12553.0,7455.0,8054.0,5759.0,13344.0,5741.0,18944.0,71850.0,JUL,2019,,,,,,,,
,,,,,,,,,JUL,2019,,,,,,,,
Vzhodna Slovenija,7204.0,4090.0,4770.0,3342.0,7737.0,3429.0,11502.0,42074.0,JUL,2019,,,,,,,,
Jugovzhodna Slovenija,801.0,435.0,497.0,327.0,901.0,343.0,1698.0,5002.0,JUL,2019,,,,,,,,
Koroška,437.0,264.0,239.0,180.0,365.0,151.0,589.0,2225.0,JUL,2019,,,,,,,,
Podravska,2207.0,1277.0,1502.0,1109.0,2462.0,1174.0,2590.0,12321.0,JUL,2019,,,,,,,,
Pomurska,823.0,429.0,625.0,397.0,870.0,462.0,2005.0,5611.0,JUL,2019,,,,,,,,
Posavska,453.0,231.0,303.0,225.0,516.0,218.0,1093.0,3039.0,JUL,2019,,,,,,,,
Primorsko-notranjska,287.0,146.0,161.0,126.0,270.0,111.0,390.0,1491.0,JUL,2019,,,,,,,,
Savinjska,1784.0,1075.0,1153.0,789.0,1937.0,789.0,2622.0,10149.0,JUL,2019,,,,,,,,
Zasavska,412.0,233.0,290.0,189.0,416.0,181.0,515.0,2236.0,JUL,2019,,,,,,,,
,,,,,,,,,JUL,2019,,,,,,,,
Zahodna Slovenija,5171.0,3266.0,3232.0,2380.0,5557.0,2298.0,7421.0,29325.0,JUL,2019,,,,,,,,
Gorenjska,1032.0,679.0,647.0,402.0,915.0,269.0,719.0,4663.0,JUL,2019,,,,,,,,
Goriška,564.0,289.0,338.0,266.0,504.0,219.0,631.0,2811.0,JUL,2019,,,,,,,,
Obalno-kraška,677.0,401.0,396.0,321.0,635.0,278.0,867.0,3575.0,JUL,2019,,,,,,,,
Osrednjeslovenska,2898.0,1897.0,1851.0,1391.0,3503.0,1532.0,5204.0,18276.0,JUL,2019,,,,,,,,
,,,,,,,,,JUL,2019,,,,,,,,
Občina izven RS,178.0,99.0,52.0,37.0,50.0,14.0,21.0,451.0,JUL,2019,,,,,,,,
Slovenija,12444.0,7671.0,7479.0,6163.0,13134.0,5789.0,18864.0,71544.0,AVG,2019,,,,,,,,
,,,,,,,,,AVG,2019,,,,,,,,
Vzhodna Slovenija,7214.0,4169.0,4412.0,3587.0,7631.0,3435.0,11481.0,41929.0,AVG,2019,,,,,,,,
Jugovzhodna Slovenija,850.0,444.0,461.0,363.0,880.0,358.0,1684.0,5040.0,AVG,2019,,,,,,,,
Koroška,412.0,296.0,218.0,199.0,360.0,152.0,590.0,2227.0,AVG,2019,,,,,,,,
Podravska,2191.0,1301.0,1363.0,1159.0,2460.0,1170.0,2598.0,12242.0,AVG,2019,,,,,,,,
Pomurska,925.0,424.0,559.0,449.0,853.0,453.0,1995.0,5658.0,AVG,2019,,,,,,,,
Posavska,462.0,242.0,267.0,252.0,515.0,220.0,1092.0,3050.0,AVG,2019,,,,,,,,
Primorsko-notranjska,284.0,151.0,146.0,121.0,281.0,109.0,386.0,1478.0,AVG,2019,,,,,,,,
Savinjska,1699.0,1082.0,1137.0,854.0,1854.0,794.0,2619.0,10039.0,AVG,2019,,,,,,,,
Zasavska,391.0,229.0,261.0,190.0,428.0,179.0,517.0,2195.0,AVG,2019,,,,,,,,
,,,,,,,,,AVG,2019,,,,,,,,
Zahodna Slovenija,5077.0,3395.0,3017.0,2533.0,5450.0,2339.0,7362.0,29173.0,AVG,2019,,,,,,,,
Gorenjska,1030.0,702.0,601.0,461.0,890.0,289.0,710.0,4683.0,AVG,2019,,,,,,,,
Goriška,559.0,325.0,293.0,273.0,493.0,226.0,626.0,2795.0,AVG,2019,,,,,,,,
Obalno-kraška,703.0,399.0,369.0,335.0,638.0,280.0,869.0,3593.0,AVG,2019,,,,,,,,
Osrednjeslovenska,2785.0,1969.0,1754.0,1464.0,3429.0,1544.0,5157.0,18102.0,AVG,2019,,,,,,,,
,,,,,,,,,AVG,2019,,,,,,,,
Občina izven RS,153.0,107.0,50.0,43.0,53.0,15.0,21.0,442.0,AVG,2019,,,,,,,,
Slovenija,12013.0,7477.0,7308.0,5116.0,13493.0,5730.0,18697.0,69834.0,SEP,2019,,,,,,,,
,,,,,,,,,SEP,2019,,,,,,,,
Vzhodna Slovenija,6843.0,4159.0,4190.0,2965.0,7856.0,3403.0,11400.0,40816.0,SEP,2019,,,,,,,,
Jugovzhodna Slovenija,790.0,472.0,486.0,300.0,894.0,358.0,1687.0,4987.0,SEP,2019,,,,,,,,
Koroška,394.0,282.0,213.0,159.0,384.0,146.0,592.0,2170.0,SEP,2019,,,,,,,,
Podravska,2064.0,1254.0,1263.0,950.0,2541.0,1149.0,2568.0,11789.0,SEP,2019,,,,,,,,
Pomurska,883.0,426.0,520.0,377.0,880.0,450.0,1968.0,5504.0,SEP,2019,,,,,,,,
Posavska,424.0,274.0,255.0,211.0,536.0,220.0,1091.0,3011.0,SEP,2019,,,,,,,,
Primorsko-notranjska,284.0,151.0,146.0,99.0,293.0,103.0,375.0,1451.0,SEP,2019,,,,,,,,
Savinjska,1628.0,1077.0,1057.0,706.0,1891.0,798.0,2605.0,9762.0,SEP,2019,,,,,,,,
Zasavska,376.0,223.0,250.0,163.0,437.0,179.0,514.0,2142.0,SEP,2019,,,,,,,,
,,,,,,,,,SEP,2019,,,,,,,,
Zahodna Slovenija,4993.0,3220.0,3057.0,2117.0,5584.0,2307.0,7278.0,28556.0,SEP,2019,,,,,,,,
Gorenjska,1019.0,661.0,589.0,409.0,923.0,281.0,689.0,4571.0,SEP,2019,,,,,,,,
Goriška,526.0,319.0,305.0,206.0,523.0,209.0,609.0,2697.0,SEP,2019,,,,,,,,
Obalno-kraška,674.0,394.0,398.0,265.0,661.0,272.0,866.0,3530.0,SEP,2019,,,,,,,,
Osrednjeslovenska,2774.0,1846.0,1765.0,1237.0,3477.0,1545.0,5114.0,17758.0,SEP,2019,,,,,,,,
,,,,,,,,,SEP,2019,,,,,,,,
Občina izven RS,177.0,98.0,61.0,34.0,53.0,20.0,19.0,462.0,SEP,2019,,,,,,,,
Slovenija,16012.0,7556.0,5147.0,6116.0,13199.0,5868.0,18518.0,72416.0,OKT,2019,,,,,,,,
,,,,,,,,,OKT,2019,,,,,,,,
Vzhodna Slovenija,9182.0,4346.0,2792.0,3647.0,7654.0,3479.0,11319.0,42419.0,OKT,2019,,,,,,,,
Jugovzhodna Slovenija,954.0,483.0,329.0,399.0,875.0,358.0,1675.0,5073.0,OKT,2019,,,,,,,,
Koroška,624.0,258.0,161.0,180.0,378.0,160.0,585.0,2346.0,OKT,2019,,,,,,,,
Podravska,2875.0,1313.0,850.0,1104.0,2464.0,1178.0,2574.0,12358.0,OKT,2019,,,,,,,,
Pomurska,1162.0,531.0,296.0,498.0,870.0,459.0,1931.0,5747.0,OKT,2019,,,,,,,,
Posavska,533.0,281.0,169.0,240.0,509.0,228.0,1099.0,3059.0,OKT,2019,,,,,,,,
Primorsko-notranjska,390.0,151.0,96.0,123.0,288.0,104.0,364.0,1516.0,OKT,2019,,,,,,,,
Savinjska,2183.0,1083.0,728.0,890.0,1843.0,814.0,2580.0,10121.0,OKT,2019,,,,,,,,
Zasavska,461.0,246.0,163.0,213.0,427.0,178.0,511.0,2199.0,OKT,2019,,,,,,,,
,,,,,,,,,OKT,2019,,,,,,,,
Zahodna Slovenija,6583.0,3129.0,2289.0,2436.0,5489.0,2371.0,7179.0,29476.0,OKT,2019,,,,,,,,
Gorenjska,1470.0,589.0,463.0,486.0,899.0,302.0,659.0,4868.0,OKT,2019,,,,,,,,
Goriška,692.0,318.0,184.0,246.0,529.0,201.0,614.0,2784.0,OKT,2019,,,,,,,,
Obalno-kraška,865.0,430.0,283.0,302.0,663.0,279.0,821.0,3643.0,OKT,2019,,,,,,,,
Osrednjeslovenska,3556.0,1792.0,1359.0,1402.0,3398.0,1589.0,5085.0,18181.0,OKT,2019,,,,,,,,
,,,,,,,,,OKT,2019,,,,,,,,
Občina izven RS,247.0,81.0,66.0,33.0,56.0,18.0,20.0,521.0,OKT,2019,,,,,,,,
Slovenija,17142.0,7206.0,5198.0,5637.0,12970.0,5960.0,18282.0,72395.0,NOV,2019,,,,,,,,
,,,,,,,,,NOV,2019,,,,,,,,
Vzhodna Slovenija,9878.0,4162.0,2837.0,3369.0,7547.0,3525.0,11228.0,42546.0,NOV,2019,,,,,,,,
Jugovzhodna Slovenija,961.0,513.0,308.0,374.0,867.0,364.0,1641.0,5028.0,NOV,2019,,,,,,,,
Koroška,669.0,223.0,186.0,166.0,380.0,161.0,581.0,2366.0,NOV,2019,,,,,,,,
Podravska,3092.0,1259.0,887.0,1015.0,2388.0,1195.0,2566.0,12402.0,NOV,2019,,,,,,,,
Pomurska,1301.0,521.0,302.0,441.0,875.0,468.0,1903.0,5811.0,NOV,2019,,,,,,,,
Posavska,629.0,263.0,163.0,212.0,516.0,227.0,1091.0,3101.0,NOV,2019,,,,,,,,
Primorsko-notranjska,427.0,145.0,98.0,104.0,274.0,99.0,366.0,1513.0,NOV,2019,,,,,,,,
Savinjska,2318.0,1001.0,738.0,855.0,1821.0,834.0,2569.0,10136.0,NOV,2019,,,,,,,,
Zasavska,481.0,237.0,155.0,202.0,426.0,177.0,511.0,2189.0,NOV,2019,,,,,,,,
,,,,,,,,,NOV,2019,,,,,,,,
Zahodna Slovenija,7000.0,2970.0,2303.0,2236.0,5365.0,2420.0,7033.0,29327.0,NOV,2019,,,,,,,,
Gorenjska,1551.0,578.0,465.0,430.0,900.0,301.0,593.0,4818.0,NOV,2019,,,,,,,,
Goriška,742.0,299.0,201.0,210.0,511.0,217.0,610.0,2790.0,NOV,2019,,,,,,,,
Obalno-kraška,1025.0,432.0,270.0,290.0,663.0,286.0,807.0,3773.0,NOV,2019,,,,,,,,
Osrednjeslovenska,3682.0,1661.0,1367.0,1306.0,3291.0,1616.0,5023.0,17946.0,NOV,2019,,,,,,,,
,,,,,,,,,NOV,2019,,,,,,,,
Občina izven RS,264.0,74.0,58.0,32.0,58.0,15.0,21.0,522.0,NOV,2019,,,,,,,,
Slovenija,18416.0,9122.0,5250.0,5689.0,12915.0,5890.0,18010.0,75292.0,DEC,2019,,,,,,,,
,,,,,,,,,DEC,2019,,,,,,,,
Vzhodna Slovenija,10678.0,5355.0,2954.0,3329.0,7553.0,3472.0,11102.0,44443.0,DEC,2019,,,,,,,,
Jugovzhodna Slovenija,990.0,605.0,342.0,397.0,847.0,364.0,1599.0,5144.0,DEC,2019,,,,,,,,
Koroška,603.0,338.0,197.0,157.0,386.0,162.0,583.0,2426.0,DEC,2019,,,,,,,,
Podravska,3339.0,1572.0,892.0,986.0,2414.0,1156.0,2560.0,12919.0,DEC,2019,,,,,,,,
Pomurska,1665.0,649.0,311.0,426.0,867.0,464.0,1867.0,6249.0,DEC,2019,,,,,,,,
Posavska,713.0,320.0,199.0,205.0,525.0,220.0,1083.0,3265.0,DEC,2019,,,,,,,,
Primorsko-notranjska,394.0,223.0,102.0,108.0,262.0,100.0,363.0,1552.0,DEC,2019,,,,,,,,
Savinjska,2515.0,1335.0,748.0,847.0,1825.0,824.0,2539.0,10633.0,DEC,2019,,,,,,,,
Zasavska,459.0,313.0,163.0,203.0,427.0,182.0,508.0,2255.0,DEC,2019,,,,,,,,
,,,,,,,,,DEC,2019,,,,,,,,
Zahodna Slovenija,7273.0,3655.0,2243.0,2323.0,5305.0,2404.0,6888.0,30091.0,DEC,2019,,,,,,,,
Gorenjska,1814.0,741.0,431.0,438.0,901.0,298.0,543.0,5166.0,DEC,2019,,,,,,,,
Goriška,736.0,376.0,203.0,226.0,490.0,218.0,600.0,2849.0,DEC,2019,,,,,,,,
Obalno-kraška,1084.0,491.0,299.0,316.0,637.0,287.0,805.0,3919.0,DEC,2019,,,,,,,,
Osrednjeslovenska,3639.0,2047.0,1310.0,1343.0,3277.0,1601.0,4940.0,18157.0,DEC,2019,,,,,,,,
,,,,,,,,,DEC,2019,,,,,,,,
Občina izven RS,465.0,112.0,53.0,37.0,57.0,14.0,20.0,758.0,DEC,2019,,,,,,,,
Slovenija,21599.0,10892.0,5535.0,3971.0,13614.0,6007.0,18223.0,79841.0,JAN,2020,,,,,,,,
,,,,,,,,,JAN,2020,,,,,,,,
Vzhodna Slovenija,12803.0,6346.0,3225.0,2214.0,7995.0,3583.0,11298.0,47464.0,JAN,2020,,,,,,,,
Jugovzhodna Slovenija,1236.0,623.0,368.0,275.0,879.0,392.0,1620.0,5393.0,JAN,2020,,,,,,,,
Koroška,744.0,433.0,188.0,123.0,414.0,146.0,598.0,2646.0,JAN,2020,,,,,,,,
Podravska,3945.0,1955.0,993.0,641.0,2497.0,1210.0,2619.0,13860.0,JAN,2020,,,,,,,,
Pomurska,1994.0,803.0,397.0,233.0,970.0,485.0,1890.0,6772.0,JAN,2020,,,,,,,,
Posavska,867.0,366.0,204.0,137.0,566.0,222.0,1092.0,3454.0,JAN,2020,,,,,,,,
Primorsko-notranjska,442.0,275.0,104.0,77.0,278.0,87.0,379.0,1642.0,JAN,2020,,,,,,,,
Savinjska,2992.0,1560.0,777.0,590.0,1928.0,853.0,2587.0,11287.0,JAN,2020,,,,,,,,
Zasavska,583.0,331.0,194.0,138.0,463.0,188.0,513.0,2410.0,JAN,2020,,,,,,,,
,,,,,,,,,JAN,2020,,,,,,,,
Zahodna Slovenija,8180.0,4418.0,2261.0,1715.0,5557.0,2408.0,6905.0,31444.0,JAN,2020,,,,,,,,
Gorenjska,1991.0,916.0,400.0,336.0,963.0,303.0,547.0,5456.0,JAN,2020,,,,,,,,
Goriška,852.0,442.0,218.0,137.0,538.0,222.0,606.0,3015.0,JAN,2020,,,,,,,,
Obalno-kraška,1378.0,612.0,312.0,233.0,696.0,289.0,811.0,4331.0,JAN,2020,,,,,,,,
Osrednjeslovenska,3959.0,2448.0,1331.0,1009.0,3360.0,1594.0,4941.0,18642.0,JAN,2020,,,,,,,,
,,,,,,,,,JAN,2020,,,,,,,,
Občina izven RS,616.0,128.0,49.0,42.0,62.0,16.0,20.0,933.0,JAN,2020,,,,,,,,
Slovenija,19034.0,11720.0,5343.0,4058.0,13344.0,5941.0,18044.0,77484.0,FEB,2020,,,,,,,,
,,,,,,,,,FEB,2020,,,,,,,,
Vzhodna Slovenija,11177.0,6872.0,3127.0,2260.0,7836.0,3543.0,11184.0,45999.0,FEB,2020,,,,,,,,
Jugovzhodna Slovenija,1107.0,648.0,384.0,260.0,877.0,375.0,1614.0,5265.0,FEB,2020,,,,,,,,
Koroška,645.0,479.0,165.0,145.0,417.0,140.0,591.0,2582.0,FEB,2020,,,,,,,,
Podravska,3442.0,2124.0,935.0,687.0,2426.0,1184.0,2614.0,13412.0,FEB,2020,,,,,,,,
Pomurska,1612.0,899.0,399.0,239.0,952.0,483.0,1838.0,6422.0,FEB,2020,,,,,,,,
Posavska,695.0,443.0,198.0,127.0,546.0,233.0,1080.0,3322.0,FEB,2020,,,,,,,,
Primorsko-notranjska,408.0,283.0,104.0,76.0,271.0,93.0,374.0,1609.0,FEB,2020,,,,,,,,
Savinjska,2771.0,1653.0,752.0,593.0,1888.0,852.0,2557.0,11066.0,FEB,2020,,,,,,,,
Zasavska,497.0,343.0,190.0,133.0,459.0,183.0,516.0,2321.0,FEB,2020,,,,,,,,
,,,,,,,,,FEB,2020,,,,,,,,
Zahodna Slovenija,7311.0,4701.0,2169.0,1754.0,5444.0,2382.0,6839.0,30600.0,FEB,2020,,,,,,,,
Gorenjska,1754.0,957.0,413.0,327.0,944.0,311.0,535.0,5241.0,FEB,2020,,,,,,,,
Goriška,751.0,462.0,214.0,143.0,511.0,214.0,601.0,2896.0,FEB,2020,,,,,,,,
Obalno-kraška,1150.0,733.0,317.0,214.0,702.0,279.0,807.0,4202.0,FEB,2020,,,,,,,,
Osrednjeslovenska,3656.0,2549.0,1225.0,1070.0,3287.0,1578.0,4896.0,18261.0,FEB,2020,,,,,,,,
,,,,,,,,,FEB,2020,,,,,,,,
Občina izven RS,546.0,147.0,47.0,44.0,64.0,16.0,21.0,885.0,FEB,2020,,,,,,,,
Slovenija,18937.0,11468.0,6537.0,4134.0,13071.0,5855.0,17853.0,77855.0,MAR,2020,,,,,,,,
,,,,,,,,,MAR,2020,,,,,,,,
Vzhodna Slovenija,10887.0,6574.0,3876.0,2363.0,7626.0,3437.0,11071.0,45834.0,MAR,2020,,,,,,,,
Jugovzhodna Slovenija,1034.0,633.0,425.0,291.0,851.0,367.0,1602.0,5203.0,MAR,2020,,,,,,,,
Koroška,791.0,392.0,237.0,160.0,391.0,149.0,579.0,2699.0,MAR,2020,,,,,,,,
Podravska,3523.0,2096.0,1122.0,704.0,2399.0,1142.0,2586.0,13572.0,MAR,2020,,,,,,,,
Pomurska,1348.0,876.0,499.0,245.0,898.0,462.0,1813.0,6141.0,MAR,2020,,,,,,,,
Posavska,661.0,435.0,233.0,147.0,524.0,233.0,1082.0,3315.0,MAR,2020,,,,,,,,
Primorsko-notranjska,421.0,243.0,147.0,82.0,259.0,91.0,368.0,1611.0,MAR,2020,,,,,,,,
Savinjska,2585.0,1601.0,970.0,604.0,1858.0,816.0,2528.0,10962.0,MAR,2020,,,,,,,,
Zasavska,524.0,298.0,243.0,130.0,446.0,177.0,513.0,2331.0,MAR,2020,,,,,,,,
,,,,,,,,,MAR,2020,,,,,,,,
Zahodna Slovenija,7592.0,4693.0,2599.0,1733.0,5382.0,2402.0,6764.0,31165.0,MAR,2020,,,,,,,,
Gorenjska,1763.0,1061.0,503.0,309.0,932.0,302.0,532.0,5402.0,MAR,2020,,,,,,,,
Goriška,806.0,467.0,254.0,154.0,495.0,221.0,583.0,2980.0,MAR,2020,,,,,,,,
Obalno-kraška,1166.0,756.0,350.0,238.0,698.0,277.0,798.0,4283.0,MAR,2020,,,,,,,,
Osrednjeslovenska,3857.0,2409.0,1492.0,1032.0,3257.0,1602.0,4851.0,18500.0,MAR,2020,,,,,,,,
,,,,,,,,,MAR,2020,,,,,,,,
Občina izven RS,458.0,201.0,62.0,38.0,63.0,16.0,18.0,856.0,MAR,2020,,,,,,,,
Slovenija,24767.0,13800.0,8416.0,4574.0,13141.0,6036.0,17914.0,88648.0,APR,2020,,,,,,,,
,,,,,,,,,APR,2020,,,,,,,,
Vzhodna Slovenija,13642.0,7946.0,4917.0,2665.0,7642.0,3537.0,11102.0,51451.0,APR,2020,,,,,,,,
Jugovzhodna Slovenija,1261.0,794.0,469.0,316.0,878.0,372.0,1616.0,5706.0,APR,2020,,,,,,,,
Koroška,986.0,472.0,328.0,148.0,403.0,150.0,574.0,3061.0,APR,2020,,,,,,,,
Podravska,4702.0,2492.0,1529.0,808.0,2387.0,1196.0,2603.0,15717.0,APR,2020,,,,,,,,
Pomurska,1567.0,998.0,633.0,334.0,888.0,467.0,1805.0,6692.0,APR,2020,,,,,,,,
Posavska,751.0,568.0,284.0,161.0,503.0,241.0,1081.0,3589.0,APR,2020,,,,,,,,
Primorsko-notranjska,529.0,297.0,195.0,84.0,253.0,95.0,368.0,1821.0,APR,2020,,,,,,,,
Savinjska,3279.0,1939.0,1209.0,651.0,1877.0,839.0,2531.0,12325.0,APR,2020,,,,,,,,
Zasavska,567.0,386.0,270.0,163.0,453.0,177.0,524.0,2540.0,APR,2020,,,,,,,,
,,,,,,,,,APR,2020,,,,,,,,
Zahodna Slovenija,10552.0,5552.0,3415.0,1870.0,5424.0,2485.0,6792.0,36090.0,APR,2020,,,,,,,,
Gorenjska,2505.0,1240.0,695.0,330.0,959.0,317.0,532.0,6578.0,APR,2020,,,,,,,,
Goriška,1065.0,579.0,334.0,174.0,500.0,208.0,590.0,3450.0,APR,2020,,,,,,,,
Obalno-kraška,1669.0,1001.0,473.0,263.0,701.0,278.0,798.0,5183.0,APR,2020,,,,,,,,
Osrednjeslovenska,5313.0,2732.0,1913.0,1103.0,3264.0,1682.0,4872.0,20879.0,APR,2020,,,,,,,,
,,,,,,,,,APR,2020,,,,,,,,
Občina izven RS,573.0,302.0,84.0,39.0,75.0,14.0,20.0,1107.0,APR,2020,,,,,,,,
Slovenija,25178.0,13412.0,9571.0,4628.0,13297.0,6310.0,18019.0,90415.0,MAJ,2020,,,,,,,,
,,,,,,,,,MAJ,2020,,,,,,,,
Vzhodna Slovenija,13493.0,7656.0,5540.0,2699.0,7682.0,3699.0,11158.0,51927.0,MAJ,2020,,,,,,,,
Jugovzhodna Slovenija,1303.0,804.0,506.0,337.0,867.0,415.0,1621.0,5853.0,MAJ,2020,,,,,,,,
Koroška,948.0,451.0,382.0,131.0,411.0,156.0,562.0,3041.0,MAJ,2020,,,,,,,,
Podravska,4591.0,2384.0,1739.0,807.0,2412.0,1235.0,2644.0,15812.0,MAJ,2020,,,,,,,,
Pomurska,1411.0,909.0,701.0,349.0,885.0,470.0,1807.0,6532.0,MAJ,2020,,,,,,,,
Posavska,777.0,505.0,363.0,164.0,498.0,260.0,1080.0,3647.0,MAJ,2020,,,,,,,,
Primorsko-notranjska,559.0,313.0,217.0,88.0,258.0,99.0,373.0,1907.0,MAJ,2020,,,,,,,,
Savinjska,3325.0,1909.0,1347.0,651.0,1904.0,870.0,2545.0,12551.0,MAJ,2020,,,,,,,,
Zasavska,579.0,381.0,285.0,172.0,447.0,194.0,526.0,2584.0,MAJ,2020,,,,,,,,
,,,,,,,,,MAJ,2020,,,,,,,,
Zahodna Slovenija,11072.0,5490.0,3933.0,1891.0,5533.0,2597.0,6841.0,37357.0,MAJ,2020,,,,,,,,
Gorenjska,2684.0,1215.0,802.0,374.0,978.0,336.0,538.0,6927.0,MAJ,2020,,,,,,,,
Goriška,1114.0,591.0,367.0,185.0,513.0,214.0,597.0,3581.0,MAJ,2020,,,,,,,,
Obalno-kraška,1788.0,917.0,617.0,273.0,702.0,295.0,808.0,5400.0,MAJ,2020,,,,,,,,
Osrednjeslovenska,5486.0,2767.0,2147.0,1059.0,3340.0,1752.0,4898.0,21449.0,MAJ,2020,,,,,,,,
,,,,,,,,,MAJ,2020,,,,,,,,
Občina izven RS,613.0,266.0,98.0,38.0,82.0,14.0,20.0,1131.0,MAJ,2020,,,,,,,,
Slovenija,20253.0,16385.0,9151.0,5745.0,13486.0,6355.0,18002.0,89377.0,JUN,2020,,,,,,,,
,,,,,,,,,JUN,2020,,,,,,,,
Vzhodna Slovenija,10828.0,9207.0,5205.0,3389.0,7771.0,3714.0,11128.0,51242.0,JUN,2020,,,,,,,,
Jugovzhodna Slovenija,1305.0,911.0,509.0,373.0,888.0,414.0,1615.0,6015.0,JUN,2020,,,,,,,,
Koroška,789.0,605.0,298.0,198.0,411.0,164.0,553.0,3018.0,JUN,2020,,,,,,,,
Podravska,3241.0,3033.0,1702.0,982.0,2406.0,1234.0,2632.0,15230.0,JUN,2020,,,,,,,,
Pomurska,1011.0,985.0,627.0,433.0,888.0,464.0,1803.0,6211.0,JUN,2020,,,,,,,,
Posavska,733.0,563.0,364.0,206.0,506.0,273.0,1079.0,3724.0,JUN,2020,,,,,,,,
Primorsko-notranjska,445.0,395.0,196.0,125.0,266.0,95.0,378.0,1900.0,JUN,2020,,,,,,,,
Savinjska,2764.0,2288.0,1258.0,853.0,1950.0,870.0,2536.0,12519.0,JUN,2020,,,,,,,,
Zasavska,540.0,427.0,251.0,219.0,456.0,200.0,532.0,2625.0,JUN,2020,,,,,,,,
,,,,,,,,,JUN,2020,,,,,,,,
Zahodna Slovenija,8954.0,6932.0,3834.0,2309.0,5631.0,2630.0,6854.0,37144.0,JUN,2020,,,,,,,,
Gorenjska,2125.0,1548.0,841.0,449.0,1004.0,340.0,534.0,6841.0,JUN,2020,,,,,,,,
Goriška,973.0,701.0,375.0,217.0,531.0,211.0,606.0,3614.0,JUN,2020,,,,,,,,
Obalno-kraška,1344.0,1049.0,598.0,320.0,730.0,303.0,799.0,5143.0,JUN,2020,,,,,,,,
Osrednjeslovenska,4512.0,3634.0,2020.0,1323.0,3366.0,1776.0,4915.0,21546.0,JUN,2020,,,,,,,,
,,,,,,,,,JUN,2020,,,,,,,,
Občina izven RS,471.0,246.0,112.0,47.0,84.0,11.0,20.0,991.0,JUN,2020,,,,,,,,
Slovenija,18230.0,15746.0,10403.0,7032.0,13446.0,6477.0,18063.0,89397.0,JUL,2020,,,,,,,,
,,,,,,,,,JUL,2020,,,,,,,,
Vzhodna Slovenija,10004.0,8529.0,5994.0,4063.0,7762.0,3746.0,11141.0,51239.0,JUL,2020,,,,,,,,
Jugovzhodna Slovenija,1421.0,837.0,639.0,403.0,884.0,417.0,1613.0,6214.0,JUL,2020,,,,,,,,
Koroška,648.0,586.0,354.0,250.0,409.0,171.0,552.0,2970.0,JUL,2020,,,,,,,,
Podravska,2804.0,2856.0,1866.0,1261.0,2406.0,1218.0,2628.0,15039.0,JUL,2020,,,,,,,,
Pomurska,970.0,817.0,687.0,510.0,918.0,463.0,1795.0,6160.0,JUL,2020,,,,,,,,
Posavska,697.0,489.0,457.0,241.0,492.0,268.0,1091.0,3735.0,JUL,2020,,,,,,,,
Primorsko-notranjska,433.0,370.0,236.0,157.0,257.0,101.0,374.0,1928.0,JUL,2020,,,,,,,,
Savinjska,2479.0,2199.0,1448.0,1005.0,1920.0,900.0,2546.0,12497.0,JUL,2020,,,,,,,,
Zasavska,552.0,375.0,307.0,236.0,476.0,208.0,542.0,2696.0,JUL,2020,,,,,,,,
,,,,,,,,,JUL,2020,,,,,,,,
Zahodna Slovenija,7839.0,7006.0,4284.0,2906.0,5595.0,2717.0,6903.0,37250.0,JUL,2020,,,,,,,,
Gorenjska,1816.0,1562.0,928.0,587.0,1001.0,354.0,544.0,6792.0,JUL,2020,,,,,,,,
Goriška,866.0,685.0,457.0,274.0,525.0,220.0,616.0,3643.0,JUL,2020,,,,,,,,
Obalno-kraška,1094.0,952.0,709.0,398.0,716.0,306.0,806.0,4981.0,JUL,2020,,,,,,,,
Osrednjeslovenska,4063.0,3807.0,2190.0,1647.0,3353.0,1837.0,4937.0,21834.0,JUL,2020,,,,,,,,
,,,,,,,,,JUL,2020,,,,,,,,
Občina izven RS,387.0,211.0,125.0,63.0,89.0,14.0,19.0,908.0,JUL,2020,,,,,,,,
Slovenija,16168.0,16047.0,10044.0,7820.0,13594.0,6477.0,18022.0,88172.0,AVG,2020,,,,,,,,
,,,,,,,,,AVG,2020,,,,,,,,
Vzhodna Slovenija,8879.0,8581.0,5727.0,4493.0,7848.0,3759.0,11094.0,50381.0,AVG,2020,,,,,,,,
Jugovzhodna Slovenija,1287.0,891.0,658.0,438.0,886.0,413.0,1622.0,6195.0,AVG,2020,,,,,,,,
Koroška,544.0,582.0,320.0,292.0,416.0,170.0,546.0,2870.0,AVG,2020,,,,,,,,
Podravska,2482.0,2851.0,1770.0,1399.0,2455.0,1239.0,2629.0,14825.0,AVG,2020,,,,,,,,
Pomurska,892.0,758.0,654.0,539.0,922.0,459.0,1760.0,5984.0,AVG,2020,,,,,,,,
Posavska,626.0,511.0,400.0,312.0,493.0,264.0,1098.0,3704.0,AVG,2020,,,,,,,,
Primorsko-notranjska,399.0,383.0,243.0,178.0,256.0,114.0,369.0,1942.0,AVG,2020,,,,,,,,
Savinjska,2116.0,2197.0,1387.0,1089.0,1934.0,885.0,2527.0,12135.0,AVG,2020,,,,,,,,
Zasavska,533.0,408.0,295.0,246.0,486.0,215.0,543.0,2726.0,AVG,2020,,,,,,,,
,,,,,,,,,AVG,2020,,,,,,,,
Zahodna Slovenija,6944.0,7272.0,4193.0,3257.0,5656.0,2703.0,6909.0,36934.0,AVG,2020,,,,,,,,
Gorenjska,1558.0,1647.0,885.0,648.0,1031.0,338.0,547.0,6654.0,AVG,2020,,,,,,,,
Goriška,750.0,715.0,465.0,295.0,530.0,219.0,612.0,3586.0,AVG,2020,,,,,,,,
Obalno-kraška,934.0,1001.0,638.0,474.0,716.0,303.0,809.0,4875.0,AVG,2020,,,,,,,,
Osrednjeslovenska,3702.0,3909.0,2205.0,1840.0,3379.0,1843.0,4941.0,21819.0,AVG,2020,,,,,,,,
,,,,,,,,,AVG,2020,,,,,,,,
Občina izven RS,345.0,194.0,124.0,70.0,90.0,15.0,19.0,857.0,AVG,2020,,,,,,,,
Slovenija,14100.0,13021.0,11272.0,7156.0,13841.0,6686.0,17690.0,83766.0,SEP,2020,,,,,,,,
,,,,,,,,,SEP,2020,,,,,,,,
Vzhodna Slovenija,7623.0,6852.0,6278.0,4031.0,7947.0,3880.0,10816.0,47427.0,SEP,2020,,,,,,,,
Jugovzhodna Slovenija,1020.0,840.0,665.0,428.0,915.0,433.0,1589.0,5890.0,SEP,2020,,,,,,,,
Koroška,400.0,423.0,383.0,215.0,420.0,195.0,517.0,2553.0,SEP,2020,,,,,,,,
Podravska,2315.0,2171.0,2034.0,1305.0,2468.0,1290.0,2618.0,14201.0,SEP,2020,,,,,,,,
Pomurska,820.0,574.0,675.0,471.0,911.0,469.0,1686.0,5606.0,SEP,2020,,,,,,,,
Posavska,517.0,441.0,414.0,290.0,518.0,275.0,1087.0,3542.0,SEP,2020,,,,,,,,
Primorsko-notranjska,352.0,290.0,282.0,158.0,274.0,119.0,359.0,1834.0,SEP,2020,,,,,,,,
Savinjska,1770.0,1743.0,1525.0,963.0,1932.0,887.0,2431.0,11251.0,SEP,2020,,,,,,,,
Zasavska,429.0,370.0,300.0,201.0,509.0,212.0,529.0,2550.0,SEP,2020,,,,,,,,
,,,,,,,,,SEP,2020,,,,,,,,
Zahodna Slovenija,6179.0,5991.0,4892.0,3060.0,5795.0,2790.0,6855.0,35562.0,SEP,2020,,,,,,,,
Gorenjska,1329.0,1289.0,998.0,648.0,1033.0,375.0,542.0,6214.0,SEP,2020,,,,,,,,
Goriška,655.0,620.0,496.0,292.0,542.0,229.0,597.0,3431.0,SEP,2020,,,,,,,,
Obalno-kraška,818.0,856.0,720.0,458.0,733.0,309.0,793.0,4687.0,SEP,2020,,,,,,,,
Osrednjeslovenska,3377.0,3226.0,2678.0,1662.0,3487.0,1877.0,4923.0,21230.0,SEP,2020,,,,,,,,
,,,,,,,,,SEP,2020,,,,,,,,
Občina izven RS,298.0,178.0,102.0,65.0,99.0,16.0,19.0,777.0,SEP,2020,,,,,,,,
Slovenija,16547.0,10575.0,10017.0,7981.0,14318.0,6602.0,17614.0,83654.0,OKT,2020,,,,,,,,
,,,,,,,,,OKT,2020,,,,,,,,
Vzhodna Slovenija,9333.0,5646.0,5257.0,4557.0,8150.0,3814.0,10744.0,47501.0,OKT,2020,,,,,,,,
Jugovzhodna Slovenija,1010.0,712.0,550.0,511.0,916.0,426.0,1581.0,5706.0,OKT,2020,,,,,,,,
Koroška,535.0,330.0,301.0,251.0,434.0,187.0,513.0,2551.0,OKT,2020,,,,,,,,
Podravska,3015.0,1718.0,1757.0,1436.0,2617.0,1290.0,2627.0,14460.0,OKT,2020,,,,,,,,
Pomurska,1093.0,500.0,509.0,525.0,918.0,452.0,1614.0,5611.0,OKT,2020,,,,,,,,
Posavska,612.0,392.0,325.0,349.0,515.0,267.0,1091.0,3551.0,OKT,2020,,,,,,,,
Primorsko-notranjska,364.0,256.0,238.0,182.0,272.0,121.0,357.0,1790.0,OKT,2020,,,,,,,,
Savinjska,2197.0,1417.0,1348.0,1055.0,1954.0,857.0,2427.0,11255.0,OKT,2020,,,,,,,,
Zasavska,507.0,321.0,229.0,248.0,524.0,214.0,534.0,2577.0,OKT,2020,,,,,,,,
,,,,,,,,,OKT,2020,,,,,,,,
Zahodna Slovenija,6942.0,4788.0,4672.0,3351.0,6062.0,2768.0,6850.0,35433.0,OKT,2020,,,,,,,,
Gorenjska,1560.0,995.0,973.0,710.0,1097.0,365.0,528.0,6228.0,OKT,2020,,,,,,,,
Goriška,783.0,482.0,457.0,340.0,552.0,226.0,596.0,3436.0,OKT,2020,,,,,,,,
Obalno-kraška,944.0,664.0,630.0,537.0,776.0,314.0,787.0,4652.0,OKT,2020,,,,,,,,
Osrednjeslovenska,3655.0,2647.0,2612.0,1764.0,3637.0,1863.0,4939.0,21117.0,OKT,2020,,,,,,,,
,,,,,,,,,OKT,2020,,,,,,,,
Občina izven RS,272.0,141.0,88.0,73.0,106.0,20.0,20.0,720.0,OKT,2020,,,,,,,,
Slovenija,17949.0,9906.0,10001.0,7557.0,14554.0,6580.0,17592.0,84139.0,NOV,2020,,,,,,,,
,,,,,,,,,NOV,2020,,,,,,,,
Vzhodna Slovenija,10155.0,5206.0,5265.0,4253.0,8297.0,3792.0,10692.0,47660.0,NOV,2020,,,,,,,,
Jugovzhodna Slovenija,972.0,686.0,525.0,509.0,925.0,433.0,1576.0,5626.0,NOV,2020,,,,,,,,
Koroška,570.0,273.0,297.0,212.0,452.0,179.0,511.0,2494.0,NOV,2020,,,,,,,,
Podravska,3506.0,1548.0,1767.0,1331.0,2678.0,1279.0,2636.0,14745.0,NOV,2020,,,,,,,,
Pomurska,1337.0,488.0,451.0,494.0,918.0,448.0,1577.0,5713.0,NOV,2020,,,,,,,,
Posavska,623.0,378.0,322.0,316.0,543.0,273.0,1095.0,3550.0,NOV,2020,,,,,,,,
Primorsko-notranjska,383.0,223.0,236.0,165.0,276.0,123.0,347.0,1753.0,NOV,2020,,,,,,,,
Savinjska,2267.0,1289.0,1414.0,993.0,1983.0,836.0,2421.0,11203.0,NOV,2020,,,,,,,,
Zasavska,497.0,321.0,253.0,233.0,522.0,221.0,529.0,2576.0,NOV,2020,,,,,,,,
,,,,,,,,,NOV,2020,,,,,,,,
Zahodna Slovenija,7518.0,4553.0,4653.0,3227.0,6152.0,2766.0,6880.0,35749.0,NOV,2020,,,,,,,,
Gorenjska,1594.0,945.0,998.0,663.0,1116.0,368.0,524.0,6208.0,NOV,2020,,,,,,,,
Goriška,835.0,442.0,440.0,344.0,541.0,228.0,596.0,3426.0,NOV,2020,,,,,,,,
Obalno-kraška,1296.0,608.0,643.0,486.0,813.0,327.0,789.0,4962.0,NOV,2020,,,,,,,,
Osrednjeslovenska,3793.0,2558.0,2572.0,1734.0,3682.0,1843.0,4971.0,21153.0,NOV,2020,,,,,,,,
,,,,,,,,,NOV,2020,,,,,,,,
Občina izven RS,276.0,147.0,83.0,77.0,105.0,22.0,20.0,730.0,NOV,2020,,,,,,,,
Slovenija,19816.0,10355.0,8969.0,8739.0,15224.0,6656.0,17524.0,87283.0,DEC,2020,,,,,,,,
,,,,,,,,,DEC,2020,,,,,,,,
Vzhodna Slovenija,11449.0,5599.0,4678.0,4844.0,8650.0,3840.0,10631.0,49691.0,DEC,2020,,,,,,,,
Jugovzhodna Slovenija,1001.0,689.0,518.0,521.0,989.0,439.0,1583.0,5740.0,DEC,2020,,,,,,,,
Koroška,626.0,265.0,265.0,273.0,442.0,182.0,503.0,2556.0,DEC,2020,,,,,,,,
Podravska,3836.0,1809.0,1492.0,1570.0,2790.0,1301.0,2628.0,15426.0,DEC,2020,,,,,,,,
Pomurska,1691.0,581.0,373.0,511.0,937.0,450.0,1536.0,6079.0,DEC,2020,,,,,,,,
Posavska,752.0,368.0,314.0,329.0,574.0,280.0,1099.0,3716.0,DEC,2020,,,,,,,,
Primorsko-notranjska,420.0,239.0,197.0,213.0,284.0,125.0,338.0,1816.0,DEC,2020,,,,,,,,
Savinjska,2616.0,1322.0,1253.0,1185.0,2099.0,846.0,2406.0,11727.0,DEC,2020,,,,,,,,
Zasavska,507.0,326.0,266.0,242.0,535.0,217.0,538.0,2631.0,DEC,2020,,,,,,,,
,,,,,,,,,DEC,2020,,,,,,,,
Zahodna Slovenija,7931.0,4615.0,4190.0,3828.0,6466.0,2792.0,6873.0,36695.0,DEC,2020,,,,,,,,
Gorenjska,1815.0,931.0,897.0,766.0,1204.0,373.0,515.0,6501.0,DEC,2020,,,,,,,,
Goriška,858.0,467.0,413.0,371.0,594.0,222.0,593.0,3518.0,DEC,2020,,,,,,,,
Obalno-kraška,1334.0,640.0,592.0,565.0,870.0,313.0,788.0,5102.0,DEC,2020,,,,,,,,
Osrednjeslovenska,3924.0,2577.0,2288.0,2126.0,3798.0,1884.0,4977.0,21574.0,DEC,2020,,,,,,,,
,,,,,,,,,DEC,2020,,,,,,,,
Občina izven RS,436.0,141.0,101.0,67.0,108.0,24.0,20.0,897.0,DEC,2020,,,,,,,,
,,,,,,,,91499.0,JAN,2021,Slovenija,21282.0,12954.0,7995.0,7984.0,16358.0,7111.0,17815.0
,,,,,,,,,JAN,2021,,,,,,,,
,,,,,,,,52276.0,JAN,2021,Vzhodna Slovenija,12414.0,7308.0,4228.0,4170.0,9199.0,4106.0,10851.0
,,,,,,,,5947.0,JAN,2021,Jugovzhodna Slovenija,1136.0,748.0,510.0,428.0,1051.0,467.0,1607.0
,,,,,,,,2717.0,JAN,2021,Koroška,735.0,348.0,239.0,221.0,473.0,196.0,505.0
,,,,,,,,16230.0,JAN,2021,Podravska,3909.0,2545.0,1313.0,1390.0,2970.0,1366.0,2737.0
,,,,,,,,6583.0,JAN,2021,Pomurska,1912.0,856.0,369.0,405.0,1003.0,484.0,1554.0
,,,,,,,,3920.0,JAN,2021,Posavska,840.0,476.0,297.0,265.0,643.0,297.0,1102.0
,,,,,,,,1835.0,JAN,2021,Primorsko-notranjska,438.0,267.0,178.0,187.0,307.0,123.0,335.0
,,,,,,,,12324.0,JAN,2021,Savinjska,2924.0,1670.0,1080.0,1081.0,2190.0,912.0,2467.0
,,,,,,,,2720.0,JAN,2021,Zasavska,520.0,398.0,242.0,193.0,562.0,261.0,544.0
,,,,,,,,,JAN,2021,,,,,,,,
,,,,,,,,38148.0,JAN,2021,Zahodna Slovenija,8273.0,5493.0,3681.0,3749.0,7032.0,2978.0,6942.0
,,,,,,,,6782.0,JAN,2021,Gorenjska,1856.0,1133.0,747.0,782.0,1321.0,413.0,530.0
,,,,,,,,3690.0,JAN,2021,Goriška,868.0,580.0,375.0,366.0,642.0,256.0,603.0
,,,,,,,,5409.0,JAN,2021,Obalno-kraška,1405.0,826.0,517.0,519.0,1004.0,346.0,792.0
,,,,,,,,22267.0,JAN,2021,Osrednjeslovenska,4144.0,2954.0,2042.0,2082.0,4065.0,1963.0,5017.0
,,,,,,,,,JAN,2021,,,,,,,,
,,,,,,,,1075.0,JAN,2021,Občina izven RS,595.0,153.0,86.0,65.0,127.0,27.0,22.0
,,,,,,,,88051.0,FEB,2021,Slovenija,16432.0,14474.0,7716.0,8107.0,16537.0,7034.0,17751.0
,,,,,,,,,FEB,2021,,,,,,,,
,,,,,,,,50014.0,FEB,2021,Vzhodna Slovenija,9584.0,8127.0,4038.0,4224.0,9189.0,4043.0,10809.0
,,,,,,,,5734.0,FEB,2021,Jugovzhodna Slovenija,895.0,780.0,499.0,406.0,1070.0,480.0,1604.0
,,,,,,,,2525.0,FEB,2021,Koroška,570.0,389.0,205.0,220.0,451.0,194.0,496.0
,,,,,,,,15589.0,FEB,2021,Podravska,2961.0,2910.0,1244.0,1432.0,2975.0,1340.0,2727.0
,,,,,,,,6218.0,FEB,2021,Pomurska,1393.0,1089.0,376.0,371.0,991.0,462.0,1536.0
,,,,,,,,3788.0,FEB,2021,Posavska,663.0,494.0,304.0,272.0,651.0,291.0,1113.0
,,,,,,,,1769.0,FEB,2021,Primorsko-notranjska,358.0,289.0,170.0,183.0,323.0,124.0,322.0
,,,,,,,,11768.0,FEB,2021,Savinjska,2332.0,1783.0,995.0,1127.0,2181.0,886.0,2464.0
,,,,,,,,2623.0,FEB,2021,Zasavska,412.0,393.0,245.0,213.0,547.0,266.0,547.0
,,,,,,,,,FEB,2021,,,,,,,,
,,,,,,,,37043.0,FEB,2021,Zahodna Slovenija,6357.0,6172.0,3593.0,3819.0,7221.0,2962.0,6919.0
,,,,,,,,6420.0,FEB,2021,Gorenjska,1381.0,1231.0,739.0,794.0,1333.0,415.0,527.0
,,,,,,,,3568.0,FEB,2021,Goriška,644.0,679.0,352.0,360.0,685.0,236.0,612.0
,,,,,,,,5298.0,FEB,2021,Obalno-kraška,996.0,1112.0,490.0,555.0,1013.0,356.0,776.0
,,,,,,,,21757.0,FEB,2021,Osrednjeslovenska,3336.0,3150.0,2012.0,2110.0,4190.0,1955.0,5004.0
,,,,,,,,,FEB,2021,,,,,,,,
,,,,,,,,994.0,FEB,2021,Občina izven RS,491.0,175.0,85.0,64.0,127.0,29.0,23.0
,,,,,,,,82638.0,MAR,2021,Slovenija,13176.0,12754.0,7780.0,6987.0,17388.0,6902.0,17651.0
,,,,,,,,,MAR,2021,,,,,,,,
,,,,,,,,46619.0,MAR,2021,Vzhodna Slovenija,7527.0,7158.0,4165.0,3585.0,9504.0,3937.0,10743.0
,,,,,,,,5386.0,MAR,2021,Jugovzhodna Slovenija,730.0,644.0,509.0,377.0,1065.0,468.0,1593.0
,,,,,,,,2356.0,MAR,2021,Koroška,506.0,330.0,185.0,197.0,461.0,181.0,496.0
,,,,,,,,14633.0,MAR,2021,Podravska,2353.0,2536.0,1369.0,1201.0,3145.0,1294.0,2735.0
,,,,,,,,5656.0,MAR,2021,Pomurska,981.0,1020.0,422.0,297.0,977.0,454.0,1505.0
,,,,,,,,3497.0,MAR,2021,Posavska,485.0,434.0,278.0,247.0,655.0,291.0,1107.0
,,,,,,,,1644.0,MAR,2021,Primorsko-notranjska,294.0,245.0,167.0,147.0,356.0,109.0,326.0
,,,,,,,,10991.0,MAR,2021,Savinjska,1830.0,1622.0,1002.0,913.0,2312.0,873.0,2439.0
,,,,,,,,2456.0,MAR,2021,Zasavska,348.0,327.0,233.0,206.0,533.0,267.0,542.0
,,,,,,,,,MAR,2021,,,,,,,,
,,,,,,,,35276.0,MAR,2021,Zahodna Slovenija,5398.0,5436.0,3531.0,3329.0,7760.0,2937.0,6885.0
,,,,,,,,5968.0,MAR,2021,Gorenjska,1129.0,1073.0,695.0,680.0,1461.0,403.0,527.0
,,,,,,,,3405.0,MAR,2021,Goriška,590.0,573.0,354.0,323.0,716.0,233.0,616.0
,,,,,,,,5094.0,MAR,2021,Obalno-kraška,851.0,1009.0,519.0,488.0,1104.0,354.0,769.0
,,,,,,,,20809.0,MAR,2021,Osrednjeslovenska,2828.0,2781.0,1963.0,1838.0,4479.0,1947.0,4973.0
,,,,,,,,,MAR,2021,,,,,,,,
,,,,,,,,743.0,MAR,2021,Občina izven RS,251.0,160.0,84.0,73.0,124.0,28.0,23.0
,,,,,,,,79285.0,APR,2021,Slovenija,9303.0,12135.0,9341.0,6163.0,17942.0,6804.0,17597.0
,,,,,,,,,APR,2021,,,,,,,,
,,,,,,,,44539.0,APR,2021,Vzhodna Slovenija,5248.0,6754.0,5159.0,3195.0,9633.0,3855.0,10695.0
,,,,,,,,5217.0,APR,2021,Jugovzhodna Slovenija,539.0,648.0,543.0,374.0,1055.0,474.0,1584.0
,,,,,,,,2239.0,APR,2021,Koroška,343.0,375.0,217.0,184.0,447.0,185.0,488.0
,,,,,,,,13892.0,APR,2021,Podravska,1645.0,2170.0,1799.0,1016.0,3249.0,1265.0,2748.0
,,,,,,,,5287.0,APR,2021,Pomurska,638.0,906.0,599.0,277.0,958.0,430.0,1479.0
,,,,,,,,3410.0,APR,2021,Posavska,337.0,450.0,336.0,229.0,671.0,275.0,1112.0
,,,,,,,,1584.0,APR,2021,Primorsko-notranjska,205.0,276.0,172.0,136.0,361.0,106.0,328.0
,,,,,,,,10550.0,APR,2021,Savinjska,1284.0,1633.0,1211.0,791.0,2356.0,861.0,2414.0
,,,,,,,,2360.0,APR,2021,Zasavska,257.0,296.0,282.0,188.0,536.0,259.0,542.0
,,,,,,,,,APR,2021,,,,,,,,
,,,,,,,,34072.0,APR,2021,Zahodna Slovenija,3875.0,5220.0,4094.0,2909.0,8177.0,2916.0,6881.0
,,,,,,,,5679.0,APR,2021,Gorenjska,823.0,1009.0,790.0,566.0,1566.0,402.0,523.0
,,,,,,,,3282.0,APR,2021,Goriška,430.0,563.0,409.0,278.0,760.0,228.0,614.0
,,,,,,,,4909.0,APR,2021,Obalno-kraška,561.0,975.0,647.0,420.0,1181.0,360.0,765.0
,,,,,,,,20202.0,APR,2021,Osrednjeslovenska,2061.0,2673.0,2248.0,1645.0,4670.0,1926.0,4979.0
,,,,,,,,,APR,2021,,,,,,,,
,,,,,,,,674.0,APR,2021,Občina izven RS,180.0,161.0,88.0,59.0,132.0,33.0,21.0
,,,,,,,,75148.0,MAJ,2021,Slovenija,8762.0,9249.0,9437.0,5808.0,17736.0,6639.0,17517.0
,,,,,,,,,MAJ,2021,,,,,,,,
,,,,,,,,42286.0,MAJ,2021,Vzhodna Slovenija,4989.0,5294.0,5168.0,2994.0,9493.0,3725.0,10623.0
,,,,,,,,4998.0,MAJ,2021,Jugovzhodna Slovenija,553.0,525.0,523.0,373.0,1025.0,449.0,1550.0
,,,,,,,,2150.0,MAJ,2021,Koroška,356.0,299.0,233.0,150.0,450.0,177.0,485.0
,,,,,,,,13104.0,MAJ,2021,Podravska,1521.0,1630.0,1821.0,931.0,3214.0,1223.0,2764.0
,,,,,,,,4862.0,MAJ,2021,Pomurska,565.0,645.0,639.0,274.0,903.0,396.0,1440.0
,,,,,,,,3323.0,MAJ,2021,Posavska,339.0,381.0,318.0,231.0,671.0,269.0,1114.0
,,,,,,,,1500.0,MAJ,2021,Primorsko-notranjska,207.0,208.0,176.0,122.0,350.0,113.0,324.0
,,,,,,,,10080.0,MAJ,2021,Savinjska,1203.0,1367.0,1201.0,726.0,2331.0,846.0,2406.0
,,,,,,,,2269.0,MAJ,2021,Zasavska,245.0,239.0,257.0,187.0,549.0,252.0,540.0
,,,,,,,,,MAJ,2021,,,,,,,,
,,,,,,,,32269.0,MAJ,2021,Zahodna Slovenija,3611.0,3844.0,4193.0,2759.0,8109.0,2879.0,6874.0
,,,,,,,,5269.0,MAJ,2021,Gorenjska,784.0,719.0,773.0,540.0,1538.0,399.0,516.0
,,,,,,,,3048.0,MAJ,2021,Goriška,366.0,410.0,444.0,249.0,748.0,228.0,603.0
,,,,,,,,4526.0,MAJ,2021,Obalno-kraška,514.0,598.0,743.0,387.0,1177.0,342.0,765.0
,,,,,,,,19426.0,MAJ,2021,Osrednjeslovenska,1947.0,2117.0,2233.0,1583.0,4646.0,1910.0,4990.0
,,,,,,,,,MAJ,2021,,,,,,,,
,,,,,,,,593.0,MAJ,2021,Občina izven RS,162.0,111.0,76.0,55.0,134.0,35.0,20.0
,,,,,,,,71094.0,JUN,2021,Slovenija,8037.0,8327.0,7640.0,5729.0,17402.0,6626.0,17333.0
,,,,,,,,,JUN,2021,,,,,,,,
,,,,,,,,40128.0,JUN,2021,Vzhodna Slovenija,4599.0,4741.0,4262.0,3039.0,9263.0,3696.0,10528.0
,,,,,,,,4777.0,JUN,2021,Jugovzhodna Slovenija,492.0,491.0,424.0,375.0,1007.0,453.0,1535.0
,,,,,,,,2054.0,JUN,2021,Koroška,311.0,310.0,190.0,134.0,464.0,170.0,475.0
,,,,,,,,12402.0,JUN,2021,Podravska,1411.0,1446.0,1463.0,996.0,3132.0,1209.0,2745.0
,,,,,,,,4506.0,JUN,2021,Pomurska,488.0,543.0,521.0,291.0,856.0,393.0,1414.0
,,,,,,,,3179.0,JUN,2021,Posavska,326.0,319.0,274.0,212.0,660.0,272.0,1116.0
,,,,,,,,1379.0,JUN,2021,Primorsko-notranjska,185.0,179.0,135.0,111.0,339.0,115.0,315.0
,,,,,,,,9648.0,JUN,2021,Savinjska,1136.0,1234.0,1043.0,745.0,2262.0,843.0,2385.0
,,,,,,,,2183.0,JUN,2021,Zasavska,250.0,219.0,212.0,175.0,543.0,241.0,543.0
,,,,,,,,,JUN,2021,,,,,,,,
,,,,,,,,30435.0,JUN,2021,Zahodna Slovenija,3303.0,3495.0,3321.0,2637.0,8002.0,2891.0,6786.0
,,,,,,,,4844.0,JUN,2021,Gorenjska,673.0,667.0,613.0,495.0,1508.0,395.0,493.0
,,,,,,,,2826.0,JUN,2021,Goriška,341.0,342.0,343.0,248.0,726.0,236.0,590.0
,,,,,,,,4017.0,JUN,2021,Obalno-kraška,430.0,510.0,481.0,370.0,1113.0,361.0,752.0
,,,,,,,,18748.0,JUN,2021,Osrednjeslovenska,1859.0,1976.0,1884.0,1524.0,4655.0,1899.0,4951.0
,,,,,,,,,JUN,2021,,,,,,,,
,,,,,,,,531.0,JUN,2021,Občina izven RS,135.0,91.0,57.0,53.0,137.0,39.0,19.0
,,,,,,,,70655.0,JUL,2021,Slovenija,10131.0,5804.0,7387.0,6506.0,16993.0,6501.0,17333.0
,,,,,,,,,JUL,2021,,,,,,,,
,,,,,,,,40190.0,JUL,2021,Vzhodna Slovenija,6045.0,3266.0,4186.0,3561.0,8994.0,3624.0,10514.0
,,,,,,,,4776.0,JUL,2021,Jugovzhodna Slovenija,597.0,342.0,451.0,391.0,1001.0,444.0,1550.0
,,,,,,,,2036.0,JUL,2021,Koroška,346.0,218.0,230.0,146.0,454.0,170.0,472.0
,,,,,,,,12586.0,JUL,2021,Podravska,2075.0,1012.0,1287.0,1239.0,3017.0,1203.0,2753.0
,,,,,,,,4487.0,JUL,2021,Pomurska,716.0,359.0,468.0,373.0,808.0,376.0,1387.0
,,,,,,,,3151.0,JUL,2021,Posavska,363.0,224.0,285.0,245.0,644.0,267.0,1123.0
,,,,,,,,1337.0,JUL,2021,Primorsko-notranjska,202.0,126.0,156.0,109.0,326.0,108.0,310.0
,,,,,,,,9608.0,JUL,2021,Savinjska,1429.0,820.0,1099.0,871.0,2213.0,806.0,2370.0
,,,,,,,,2209.0,JUL,2021,Zasavska,317.0,165.0,210.0,187.0,531.0,250.0,549.0
,,,,,,,,,JUL,2021,,,,,,,,
,,,,,,,,29951.0,JUL,2021,Zahodna Slovenija,3931.0,2466.0,3144.0,2897.0,7874.0,2839.0,6800.0
,,,,,,,,4801.0,JUL,2021,Gorenjska,838.0,470.0,595.0,522.0,1475.0,399.0,502.0
,,,,,,,,2772.0,JUL,2021,Goriška,433.0,249.0,303.0,281.0,691.0,228.0,587.0
,,,,,,,,3885.0,JUL,2021,Obalno-kraška,538.0,327.0,443.0,410.0,1067.0,357.0,743.0
,,,,,,,,18493.0,JUL,2021,Osrednjeslovenska,2122.0,1420.0,1803.0,1684.0,4641.0,1855.0,4968.0
,,,,,,,,,JUL,2021,,,,,,,,
,,,,,,,,514.0,JUL,2021,Občina izven RS,155.0,72.0,57.0,48.0,125.0,38.0,19.0
,,,,,,,,69292.0,AVG,2021,Slovenija,10197.0,5984.0,6302.0,6492.0,16686.0,6422.0,17209.0
,,,,,,,,,AVG,2021,,,,,,,,
,,,,,,,,39500.0,AVG,2021,Vzhodna Slovenija,6079.0,3410.0,3620.0,3584.0,8807.0,3562.0,10438.0
,,,,,,,,4745.0,AVG,2021,Jugovzhodna Slovenija,597.0,389.0,385.0,381.0,992.0,448.0,1553.0
,,,,,,,,2083.0,AVG,2021,Koroška,420.0,239.0,197.0,154.0,433.0,171.0,469.0
,,,,,,,,12329.0,AVG,2021,Podravska,2101.0,1020.0,1099.0,1254.0,2936.0,1185.0,2734.0
,,,,,,,,4332.0,AVG,2021,Pomurska,702.0,364.0,381.0,401.0,768.0,369.0,1347.0
,,,,,,,,3108.0,AVG,2021,Posavska,354.0,231.0,265.0,227.0,648.0,260.0,1123.0
,,,,,,,,1313.0,AVG,2021,Primorsko-notranjska,196.0,139.0,137.0,102.0,323.0,102.0,314.0
,,,,,,,,9434.0,AVG,2021,Savinjska,1418.0,845.0,984.0,881.0,2173.0,786.0,2347.0
,,,,,,,,2156.0,AVG,2021,Zasavska,291.0,183.0,172.0,184.0,534.0,241.0,551.0
,,,,,,,,,AVG,2021,,,,,,,,
,,,,,,,,29294.0,AVG,2021,Zahodna Slovenija,3959.0,2510.0,2625.0,2870.0,7756.0,2823.0,6751.0
,,,,,,,,4659.0,AVG,2021,Gorenjska,857.0,484.0,473.0,513.0,1438.0,408.0,486.0
,,,,,,,,2700.0,AVG,2021,Goriška,432.0,234.0,255.0,301.0,663.0,230.0,585.0
,,,,,,,,3787.0,AVG,2021,Obalno-kraška,552.0,338.0,364.0,397.0,1051.0,345.0,740.0
,,,,,,,,18148.0,AVG,2021,Osrednjeslovenska,2118.0,1454.0,1533.0,1659.0,4604.0,1840.0,4940.0
,,,,,,,,,AVG,2021,,,,,,,,
,,,,,,,,498.0,AVG,2021,Občina izven RS,159.0,64.0,57.0,38.0,123.0,37.0,20.0
,,,,,,,,66122.0,SEP,2021,Slovenija,9789.0,5428.0,5871.0,5463.0,15918.0,6439.0,17214.0
,,,,,,,,,SEP,2021,,,,,,,,
,,,,,,,,37663.0,SEP,2021,Vzhodna Slovenija,5665.0,3125.0,3355.0,3072.0,8440.0,3572.0,10434.0
,,,,,,,,4640.0,SEP,2021,Jugovzhodna Slovenija,645.0,343.0,357.0,323.0,959.0,456.0,1557.0
,,,,,,,,1928.0,SEP,2021,Koroška,353.0,195.0,199.0,131.0,410.0,162.0,478.0
,,,,,,,,11694.0,SEP,2021,Podravska,1828.0,999.0,1005.0,1064.0,2869.0,1183.0,2746.0
,,,,,,,,4092.0,SEP,2021,Pomurska,668.0,335.0,347.0,341.0,722.0,356.0,1323.0
,,,,,,,,2987.0,SEP,2021,Posavska,367.0,197.0,235.0,203.0,588.0,267.0,1130.0
,,,,,,,,1247.0,SEP,2021,Primorsko-notranjska,196.0,115.0,133.0,83.0,299.0,106.0,315.0
,,,,,,,,8962.0,SEP,2021,Savinjska,1301.0,774.0,909.0,766.0,2085.0,793.0,2334.0
,,,,,,,,2113.0,SEP,2021,Zasavska,307.0,167.0,170.0,161.0,508.0,249.0,551.0
,,,,,,,,,SEP,2021,,,,,,,,
,,,,,,,,27955.0,SEP,2021,Zahodna Slovenija,3935.0,2248.0,2462.0,2360.0,7364.0,2827.0,6759.0
,,,,,,,,4328.0,SEP,2021,Gorenjska,788.0,427.0,453.0,413.0,1345.0,405.0,497.0
,,,,,,,,2542.0,SEP,2021,Goriška,418.0,211.0,236.0,237.0,636.0,222.0,582.0
,,,,,,,,3637.0,SEP,2021,Obalno-kraška,606.0,286.0,351.0,327.0,989.0,348.0,730.0
,,,,,,,,17448.0,SEP,2021,Osrednjeslovenska,2123.0,1324.0,1422.0,1383.0,4394.0,1852.0,4950.0
,,,,,,,,,SEP,2021,,,,,,,,
,,,,,,,,504.0,SEP,2021,Občina izven RS,189.0,55.0,54.0,31.0,114.0,40.0,21.0
,,,,,,,,66654.0,OKT,2021,Slovenija,12079.0,5850.0,4020.0,5412.0,15544.0,6556.0,17193.0
,,,,,,,,,OKT,2021,,,,,,,,
,,,,,,,,38194.0,OKT,2021,Vzhodna Slovenija,7164.0,3399.0,2288.0,3086.0,8246.0,3606.0,10405.0
,,,,,,,,4600.0,OKT,2021,Jugovzhodna Slovenija,723.0,349.0,245.0,344.0,939.0,450.0,1550.0
,,,,,,,,2004.0,OKT,2021,Koroška,498.0,195.0,144.0,160.0,375.0,157.0,475.0
,,,,,,,,11909.0,OKT,2021,Podravska,2247.0,1191.0,720.0,950.0,2835.0,1203.0,2763.0
,,,,,,,,4139.0,OKT,2021,Pomurska,861.0,371.0,232.0,324.0,706.0,349.0,1296.0
,,,,,,,,3022.0,OKT,2021,Posavska,472.0,196.0,155.0,218.0,580.0,263.0,1138.0
,,,,,,,,1268.0,OKT,2021,Primorsko-notranjska,270.0,105.0,88.0,104.0,281.0,103.0,317.0
,,,,,,,,9090.0,OKT,2021,Savinjska,1687.0,816.0,573.0,833.0,2049.0,822.0,2310.0
,,,,,,,,2162.0,OKT,2021,Zasavska,406.0,176.0,131.0,153.0,481.0,259.0,556.0
,,,,,,,,,OKT,2021,,,,,,,,
,,,,,,,,27978.0,OKT,2021,Zahodna Slovenija,4730.0,2392.0,1695.0,2288.0,7199.0,2911.0,6763.0
,,,,,,,,4322.0,OKT,2021,Gorenjska,969.0,474.0,289.0,400.0,1256.0,429.0,505.0
,,,,,,,,2559.0,OKT,2021,Goriška,509.0,226.0,168.0,221.0,642.0,217.0,576.0
,,,,,,,,3707.0,OKT,2021,Obalno-kraška,769.0,328.0,238.0,315.0,960.0,363.0,734.0
,,,,,,,,17390.0,OKT,2021,Osrednjeslovenska,2483.0,1364.0,1000.0,1352.0,4341.0,1902.0,4948.0
,,,,,,,,,OKT,2021,,,,,,,,
,,,,,,,,482.0,OKT,2021,Občina izven RS,185.0,59.0,37.0,38.0,99.0,39.0,25.0
,,,,,,,,65379.0,NOV,2021,Slovenija,12455.0,6047.0,3978.0,4615.0,14739.0,6500.0,17045.0
,,,,,,,,,NOV,2021,,,,,,,,
,,,,,,,,37429.0,NOV,2021,Vzhodna Slovenija,7288.0,3544.0,2247.0,2651.0,7833.0,3570.0,10296.0
,,,,,,,,4509.0,NOV,2021,Jugovzhodna Slovenija,715.0,381.0,258.0,303.0,890.0,442.0,1520.0
,,,,,,,,2035.0,NOV,2021,Koroška,534.0,232.0,148.0,136.0,344.0,168.0,473.0
,,,,,,,,11599.0,NOV,2021,Podravska,2268.0,1223.0,690.0,794.0,2703.0,1186.0,2735.0
,,,,,,,,4088.0,NOV,2021,Pomurska,946.0,369.0,235.0,248.0,683.0,337.0,1270.0
,,,,,,,,2979.0,NOV,2021,Posavska,462.0,216.0,141.0,202.0,557.0,256.0,1145.0
,,,,,,,,1208.0,NOV,2021,Primorsko-notranjska,260.0,112.0,81.0,95.0,256.0,96.0,308.0
,,,,,,,,8912.0,NOV,2021,Savinjska,1726.0,833.0,555.0,750.0,1936.0,824.0,2288.0
,,,,,,,,2099.0,NOV,2021,Zasavska,377.0,178.0,139.0,123.0,464.0,261.0,557.0
,,,,,,,,,NOV,2021,,,,,,,,
,,,,,,,,27441.0,NOV,2021,Zahodna Slovenija,4966.0,2422.0,1696.0,1929.0,6811.0,2895.0,6722.0
,,,,,,,,4299.0,NOV,2021,Gorenjska,1082.0,486.0,294.0,319.0,1170.0,430.0,518.0
,,,,,,,,2485.0,NOV,2021,Goriška,504.0,229.0,164.0,189.0,608.0,216.0,575.0
,,,,,,,,3748.0,NOV,2021,Obalno-kraška,890.0,360.0,229.0,268.0,898.0,368.0,735.0
,,,,,,,,16909.0,NOV,2021,Osrednjeslovenska,2490.0,1347.0,1009.0,1153.0,4135.0,1881.0,4894.0
,,,,,,,,,NOV,2021,,,,,,,,
,,,,,,,,509.0,NOV,2021,Občina izven RS,201.0,81.0,35.0,35.0,95.0,35.0,27.0
,,,,,,,,65969.0,DEC,2021,Slovenija,13422.0,7179.0,3762.0,4427.0,13893.0,6579.0,16707.0
,,,,,,,,,DEC,2021,,,,,,,,
,,,,,,,,38000.0,DEC,2021,Vzhodna Slovenija,8010.0,4202.0,2159.0,2524.0,7445.0,3603.0,10057.0
,,,,,,,,4468.0,DEC,2021,Jugovzhodna Slovenija,689.0,477.0,232.0,282.0,847.0,446.0,1495.0
,,,,,,,,2186.0,DEC,2021,Koroška,679.0,267.0,139.0,150.0,335.0,163.0,453.0
,,,,,,,,11792.0,DEC,2021,Podravska,2507.0,1401.0,711.0,739.0,2546.0,1222.0,2666.0
,,,,,,,,4292.0,DEC,2021,Pomurska,1160.0,435.0,215.0,252.0,660.0,327.0,1243.0
,,,,,,,,2987.0,DEC,2021,Posavska,479.0,283.0,137.0,181.0,540.0,261.0,1106.0
,,,,,,,,1192.0,DEC,2021,Primorsko-notranjska,239.0,141.0,76.0,94.0,243.0,96.0,303.0
,,,,,,,,9026.0,DEC,2021,Savinjska,1901.0,969.0,535.0,702.0,1840.0,832.0,2247.0
,,,,,,,,2057.0,DEC,2021,Zasavska,356.0,229.0,114.0,124.0,434.0,256.0,544.0
,,,,,,,,,DEC,2021,,,,,,,,
,,,,,,,,27357.0,DEC,2021,Zahodna Slovenija,5102.0,2882.0,1573.0,1867.0,6365.0,2943.0,6625.0
,,,,,,,,4348.0,DEC,2021,Gorenjska,1220.0,549.0,281.0,301.0,1044.0,447.0,506.0
,,,,,,,,2492.0,DEC,2021,Goriška,509.0,303.0,147.0,185.0,545.0,236.0,567.0
,,,,,,,,3698.0,DEC,2021,Obalno-kraška,825.0,461.0,198.0,278.0,846.0,370.0,720.0
,,,,,,,,16819.0,DEC,2021,Osrednjeslovenska,2548.0,1569.0,947.0,1103.0,3930.0,1890.0,4832.0
,,,,,,,,,DEC,2021,,,,,,,,
,,,,,,,,612.0,DEC,2021,Občina izven RS,310.0,95.0,30.0,36.0,83.0,33.0,25.0
,,,,,,,,67834.0,JAN,2022,Slovenija,15586.0,8165.0,4059.0,3024.0,13427.0,6686.0,16887.0
,,,,,,,,,JAN,2022,,,,,,,,
,,,,,,,,39337.0,JAN,2022,Vzhodna Slovenija,9448.0,4818.0,2341.0,1717.0,7196.0,3649.0,10168.0
,,,,,,,,4718.0,JAN,2022,Jugovzhodna Slovenija,977.0,503.0,254.0,198.0,821.0,447.0,1518.0
,,,,,,,,2238.0,JAN,2022,Koroška,716.0,337.0,135.0,101.0,326.0,163.0,460.0
,,,,,,,,12046.0,JAN,2022,Podravska,2828.0,1524.0,814.0,527.0,2399.0,1243.0,2711.0
,,,,,,,,4678.0,JAN,2022,Pomurska,1527.0,537.0,239.0,164.0,630.0,332.0,1249.0
,,,,,,,,3008.0,JAN,2022,Posavska,528.0,323.0,147.0,114.0,533.0,269.0,1094.0
,,,,,,,,1244.0,JAN,2022,Primorsko-notranjska,311.0,165.0,68.0,60.0,241.0,101.0,298.0
,,,,,,,,9303.0,JAN,2022,Savinjska,2180.0,1166.0,565.0,448.0,1844.0,835.0,2265.0
,,,,,,,,2102.0,JAN,2022,Zasavska,381.0,263.0,119.0,105.0,402.0,259.0,573.0
,,,,,,,,,JAN,2022,,,,,,,,
,,,,,,,,27797.0,JAN,2022,Zahodna Slovenija,5715.0,3262.0,1683.0,1277.0,6158.0,3010.0,6692.0
,,,,,,,,4430.0,JAN,2022,Gorenjska,1333.0,621.0,315.0,205.0,987.0,447.0,522.0
,,,,,,,,2485.0,JAN,2022,Goriška,543.0,323.0,150.0,132.0,530.0,223.0,584.0
,,,,,,,,3794.0,JAN,2022,Obalno-kraška,916.0,546.0,231.0,176.0,808.0,393.0,724.0
,,,,,,,,17088.0,JAN,2022,Osrednjeslovenska,2923.0,1772.0,987.0,764.0,3833.0,1947.0,4862.0
,,,,,,,,,JAN,2022,,,,,,,,
,,,,,,,,700.0,JAN,2022,Občina izven RS,423.0,85.0,35.0,30.0,73.0,27.0,27.0
,,,,,,,,64783.0,FEB,2022,Slovenija,13019.0,8752.0,4254.0,3029.0,12486.0,6635.0,16608.0
,,,,,,,,,FEB,2022,,,,,,,,
,,,,,,,,37420.0,FEB,2022,Vzhodna Slovenija,7798.0,5076.0,2478.0,1717.0,6757.0,3578.0,10016.0
,,,,,,,,4523.0,FEB,2022,Jugovzhodna Slovenija,823.0,499.0,286.0,204.0,752.0,460.0,1499.0
,,,,,,,,2059.0,FEB,2022,Koroška,530.0,341.0,166.0,107.0,299.0,157.0,459.0
,,,,,,,,11385.0,FEB,2022,Podravska,2332.0,1577.0,845.0,518.0,2228.0,1213.0,2672.0
,,,,,,,,4400.0,FEB,2022,Pomurska,1217.0,644.0,240.0,171.0,581.0,329.0,1218.0
,,,,,,,,2917.0,FEB,2022,Posavska,449.0,338.0,159.0,111.0,512.0,275.0,1073.0
,,,,,,,,1193.0,FEB,2022,Primorsko-notranjska,263.0,184.0,73.0,58.0,224.0,101.0,290.0
,,,,,,,,8906.0,FEB,2022,Savinjska,1852.0,1205.0,592.0,441.0,1780.0,798.0,2238.0
,,,,,,,,2037.0,FEB,2022,Zasavska,332.0,288.0,117.0,107.0,381.0,245.0,567.0
,,,,,,,,,FEB,2022,,,,,,,,
,,,,,,,,26710.0,FEB,2022,Zahodna Slovenija,4854.0,3585.0,1727.0,1287.0,5663.0,3029.0,6565.0
,,,,,,,,4189.0,FEB,2022,Gorenjska,1073.0,728.0,325.0,207.0,912.0,430.0,514.0
,,,,,,,,2403.0,FEB,2022,Goriška,506.0,348.0,146.0,118.0,485.0,233.0,567.0
,,,,,,,,3658.0,FEB,2022,Obalno-kraška,754.0,641.0,260.0,170.0,731.0,388.0,714.0
,,,,,,,,16460.0,FEB,2022,Osrednjeslovenska,2521.0,1868.0,996.0,792.0,3535.0,1978.0,4770.0
,,,,,,,,,FEB,2022,,,,,,,,
,,,,,,,,653.0,FEB,2022,Občina izven RS,367.0,91.0,49.0,25.0,66.0,28.0,27.0
,,,,,,,,60534.0,MAR,2022,Slovenija,11239.0,7803.0,4827.0,2789.0,11063.0,6730.0,16083.0
,,,,,,,,,MAR,2022,,,,,,,,
,,,,,,,,34893.0,MAR,2022,Vzhodna Slovenija,6570.0,4566.0,2820.0,1606.0,6041.0,3583.0,9707.0
,,,,,,,,4251.0,MAR,2022,Jugovzhodna Slovenija,775.0,425.0,330.0,181.0,687.0,434.0,1419.0
,,,,,,,,1893.0,MAR,2022,Koroška,416.0,314.0,175.0,97.0,281.0,169.0,441.0
,,,,,,,,10564.0,MAR,2022,Podravska,1943.0,1405.0,933.0,508.0,1933.0,1243.0,2599.0
,,,,,,,,3978.0,MAR,2022,Pomurska,862.0,654.0,264.0,156.0,542.0,307.0,1193.0
,,,,,,,,2802.0,MAR,2022,Posavska,443.0,287.0,202.0,105.0,464.0,265.0,1036.0
,,,,,,,,1114.0,MAR,2022,Primorsko-notranjska,244.0,151.0,90.0,54.0,186.0,105.0,284.0
,,,,,,,,8340.0,MAR,2022,Savinjska,1557.0,1104.0,668.0,411.0,1583.0,830.0,2187.0
,,,,,,,,1951.0,MAR,2022,Zasavska,330.0,226.0,158.0,94.0,365.0,230.0,548.0
,,,,,,,,,MAR,2022,,,,,,,,
,,,,,,,,25163.0,MAR,2022,Zahodna Slovenija,4464.0,3148.0,1952.0,1166.0,4961.0,3120.0,6352.0
,,,,,,,,3843.0,MAR,2022,Gorenjska,907.0,664.0,348.0,186.0,785.0,457.0,496.0
,,,,,,,,2290.0,MAR,2022,Goriška,490.0,306.0,195.0,99.0,411.0,237.0,552.0
,,,,,,,,3464.0,MAR,2022,Obalno-kraška,717.0,533.0,310.0,148.0,670.0,401.0,685.0
,,,,,,,,15566.0,MAR,2022,Osrednjeslovenska,2350.0,1645.0,1099.0,733.0,3095.0,2025.0,4619.0
,,,,,,,,,MAR,2022,,,,,,,,
,,,,,,,,478.0,MAR,2022,Občina izven RS,205.0,89.0,55.0,17.0,61.0,27.0,24.0
,,,,,,,,58081.0,APR,2022,Slovenija,8985.0,8391.0,5396.0,2950.0,10058.0,6588.0,15713.0
,,,,,,,,,APR,2022,,,,,,,,
,,,,,,,,33690.0,APR,2022,Vzhodna Slovenija,5182.0,5017.0,3188.0,1716.0,5569.0,3497.0,9521.0
,,,,,,,,4259.0,APR,2022,Jugovzhodna Slovenija,665.0,565.0,357.0,205.0,643.0,423.0,1401.0
,,,,,,,,1834.0,APR,2022,Koroška,300.0,356.0,207.0,102.0,271.0,162.0,436.0
,,,,,,,,10176.0,APR,2022,Podravska,1581.0,1461.0,995.0,582.0,1768.0,1231.0,2558.0
,,,,,,,,3730.0,APR,2022,Pomurska,587.0,686.0,328.0,162.0,509.0,299.0,1159.0
,,,,,,,,2697.0,APR,2022,Posavska,368.0,293.0,238.0,109.0,434.0,254.0,1001.0
,,,,,,,,1043.0,APR,2022,Primorsko-notranjska,186.0,168.0,104.0,48.0,163.0,103.0,271.0
,,,,,,,,8068.0,APR,2022,Savinjska,1214.0,1259.0,785.0,414.0,1448.0,793.0,2155.0
,,,,,,,,1883.0,APR,2022,Zasavska,281.0,229.0,174.0,94.0,333.0,232.0,540.0
,,,,,,,,,APR,2022,,,,,,,,
,,,,,,,,23930.0,APR,2022,Zahodna Slovenija,3610.0,3279.0,2158.0,1213.0,4436.0,3064.0,6170.0
,,,,,,,,3580.0,APR,2022,Gorenjska,692.0,682.0,409.0,206.0,686.0,434.0,471.0
,,,,,,,,2190.0,APR,2022,Goriška,397.0,333.0,207.0,108.0,376.0,234.0,535.0
,,,,,,,,3172.0,APR,2022,Obalno-kraška,542.0,511.0,325.0,159.0,580.0,386.0,669.0
,,,,,,,,14988.0,APR,2022,Osrednjeslovenska,1979.0,1753.0,1217.0,740.0,2794.0,2010.0,4495.0
,,,,,,,,,APR,2022,,,,,,,,
,,,,,,,,461.0,APR,2022,Občina izven RS,193.0,95.0,50.0,21.0,53.0,27.0,22.0
,,,,,,,,55854.0,MAJ,2022,Slovenija,9094.0,7166.0,5530.0,3039.0,9354.0,6336.0,15335.0
,,,,,,,,,MAJ,2022,,,,,,,,
,,,,,,,,32532.0,MAJ,2022,Vzhodna Slovenija,5228.0,4302.0,3207.0,1819.0,5244.0,3399.0,9333.0
,,,,,,,,4145.0,MAJ,2022,Jugovzhodna Slovenija,642.0,511.0,345.0,237.0,625.0,413.0,1372.0
,,,,,,,,1756.0,MAJ,2022,Koroška,314.0,269.0,200.0,129.0,252.0,162.0,430.0
,,,,,,,,9824.0,MAJ,2022,Podravska,1607.0,1263.0,988.0,605.0,1647.0,1191.0,2523.0
,,,,,,,,3573.0,MAJ,2022,Pomurska,551.0,589.0,378.0,158.0,487.0,291.0,1119.0
,,,,,,,,2586.0,MAJ,2022,Posavska,343.0,256.0,226.0,121.0,404.0,260.0,976.0
,,,,,,,,1004.0,MAJ,2022,Primorsko-notranjska,206.0,133.0,105.0,45.0,148.0,100.0,267.0
,,,,,,,,7824.0,MAJ,2022,Savinjska,1263.0,1080.0,784.0,428.0,1385.0,758.0,2126.0
,,,,,,,,1820.0,MAJ,2022,Zasavska,302.0,201.0,181.0,96.0,296.0,224.0,520.0
,,,,,,,,,MAJ,2022,,,,,,,,
,,,,,,,,22819.0,MAJ,2022,Zahodna Slovenija,3613.0,2782.0,2278.0,1190.0,4062.0,2915.0,5979.0
,,,,,,,,3348.0,MAJ,2022,Gorenjska,686.0,569.0,442.0,215.0,598.0,398.0,440.0
,,,,,,,,2087.0,MAJ,2022,Goriška,387.0,296.0,214.0,109.0,355.0,214.0,512.0
,,,,,,,,3009.0,MAJ,2022,Obalno-kraška,560.0,376.0,363.0,168.0,528.0,365.0,649.0
,,,,,,,,14375.0,MAJ,2022,Osrednjeslovenska,1980.0,1541.0,1259.0,698.0,2581.0,1938.0,4378.0
,,,,,,,,,MAJ,2022,,,,,,,,
,,,,,,,,503.0,MAJ,2022,Občina izven RS,253.0,82.0,45.0,30.0,48.0,22.0,23.0
,,,,,,,,53860.0,JUN,2022,Slovenija,8888.0,7036.0,4939.0,3435.0,8589.0,6065.0,14908.0
,,,,,,,,,JUN,2022,,,,,,,,
,,,,,,,,31292.0,JUN,2022,Vzhodna Slovenija,4970.0,4143.0,2924.0,2039.0,4890.0,3230.0,9096.0
,,,,,,,,4048.0,JUN,2022,Jugovzhodna Slovenija,609.0,542.0,299.0,266.0,589.0,410.0,1333.0
,,,,,,,,1687.0,JUN,2022,Koroška,299.0,239.0,195.0,125.0,255.0,153.0,421.0
,,,,,,,,9443.0,JUN,2022,Podravska,1552.0,1236.0,887.0,658.0,1545.0,1100.0,2465.0
,,,,,,,,3367.0,JUN,2022,Pomurska,527.0,469.0,388.0,179.0,445.0,276.0,1083.0
,,,,,,,,2454.0,JUN,2022,Posavska,281.0,280.0,184.0,147.0,355.0,255.0,952.0
,,,,,,,,950.0,JUN,2022,Primorsko-notranjska,179.0,135.0,83.0,66.0,133.0,94.0,260.0
,,,,,,,,7587.0,JUN,2022,Savinjska,1256.0,1022.0,733.0,484.0,1293.0,718.0,2081.0
,,,,,,,,1756.0,JUN,2022,Zasavska,267.0,220.0,155.0,114.0,275.0,224.0,501.0
,,,,,,,,,JUN,2022,,,,,,,,
,,,,,,,,21997.0,JUN,2022,Zahodna Slovenija,3581.0,2814.0,1981.0,1362.0,3654.0,2814.0,5791.0
,,,,,,,,3242.0,JUN,2022,Gorenjska,713.0,553.0,402.0,239.0,522.0,389.0,424.0
,,,,,,,,2020.0,JUN,2022,Goriška,384.0,276.0,192.0,136.0,326.0,205.0,501.0
,,,,,,,,2815.0,JUN,2022,Obalno-kraška,484.0,398.0,274.0,196.0,479.0,337.0,647.0
,,,,,,,,13920.0,JUN,2022,Osrednjeslovenska,2000.0,1587.0,1113.0,791.0,2327.0,1883.0,4219.0
,,,,,,,,,JUN,2022,,,,,,,,
,,,,,,,,571.0,JUN,2022,Občina izven RS,337.0,79.0,34.0,34.0,45.0,21.0,21.0
,,,,,,,,54341.0,JUL,2022,Slovenija,10612.0,5637.0,5580.0,3867.0,8237.0,5813.0,14595.0
,,,,,,,,,JUL,2022,,,,,,,,
,,,,,,,,31585.0,JUL,2022,Vzhodna Slovenija,5981.0,3221.0,3343.0,2314.0,4730.0,3071.0,8925.0
,,,,,,,,4106.0,JUL,2022,Jugovzhodna Slovenija,691.0,426.0,415.0,262.0,586.0,400.0,1326.0
,,,,,,,,1702.0,JUL,2022,Koroška,341.0,176.0,215.0,159.0,246.0,145.0,420.0
,,,,,,,,9453.0,JUL,2022,Podravska,1845.0,1003.0,935.0,720.0,1496.0,1024.0,2430.0
,,,,,,,,3376.0,JUL,2022,Pomurska,662.0,319.0,436.0,228.0,428.0,260.0,1043.0
,,,,,,,,2472.0,JUL,2022,Posavska,360.0,229.0,193.0,171.0,335.0,255.0,929.0
,,,,,,,,962.0,JUL,2022,Primorsko-notranjska,216.0,108.0,99.0,72.0,129.0,88.0,250.0
,,,,,,,,7752.0,JUL,2022,Savinjska,1546.0,779.0,884.0,572.0,1241.0,687.0,2043.0
,,,,,,,,1762.0,JUL,2022,Zasavska,320.0,181.0,166.0,130.0,269.0,212.0,484.0
,,,,,,,,,JUL,2022,,,,,,,,
,,,,,,,,22166.0,JUL,2022,Zahodna Slovenija,4282.0,2327.0,2196.0,1525.0,3463.0,2726.0,5647.0
,,,,,,,,3352.0,JUL,2022,Gorenjska,914.0,425.0,444.0,286.0,510.0,361.0,412.0
,,,,,,,,2037.0,JUL,2022,Goriška,451.0,234.0,212.0,146.0,307.0,201.0,486.0
,,,,,,,,2817.0,JUL,2022,Obalno-kraška,570.0,335.0,298.0,208.0,455.0,315.0,636.0
,,,,,,,,13960.0,JUL,2022,Osrednjeslovenska,2347.0,1333.0,1242.0,885.0,2191.0,1849.0,4113.0
,,,,,,,,,JUL,2022,,,,,,,,
,,,,,,,,590.0,JUL,2022,Občina izven RS,349.0,89.0,41.0,28.0,44.0,16.0,23.0
,,,,,,,,53935.0,AVG,2022,Slovenija,10431.0,6432.0,5025.0,4076.0,8016.0,5659.0,14296.0
,,,,,,,,,AVG,2022,,,,,,,,
,,,,,,,,31407.0,AVG,2022,Vzhodna Slovenija,5977.0,3626.0,3025.0,2384.0,4674.0,2984.0,8737.0
,,,,,,,,4124.0,AVG,2022,Jugovzhodna Slovenija,694.0,467.0,390.0,265.0,595.0,398.0,1315.0
,,,,,,,,1678.0,AVG,2022,Koroška,341.0,207.0,177.0,155.0,257.0,139.0,402.0
,,,,,,,,9318.0,AVG,2022,Podravska,1793.0,1121.0,867.0,726.0,1459.0,991.0,2361.0
,,,,,,,,3364.0,AVG,2022,Pomurska,709.0,337.0,386.0,256.0,412.0,250.0,1014.0
,,,,,,,,2482.0,AVG,2022,Posavska,381.0,257.0,181.0,169.0,332.0,256.0,906.0
,,,,,,,,980.0,AVG,2022,Primorsko-notranjska,225.0,135.0,86.0,79.0,123.0,84.0,248.0
,,,,,,,,7747.0,AVG,2022,Savinjska,1553.0,889.0,793.0,592.0,1244.0,655.0,2021.0
,,,,,,,,1714.0,AVG,2022,Zasavska,281.0,213.0,145.0,142.0,252.0,211.0,470.0
,,,,,,,,,AVG,2022,,,,,,,,
,,,,,,,,21903.0,AVG,2022,Zahodna Slovenija,4125.0,2651.0,1962.0,1675.0,3298.0,2657.0,5535.0
,,,,,,,,3321.0,AVG,2022,Gorenjska,880.0,489.0,383.0,319.0,496.0,347.0,407.0
,,,,,,,,2022.0,AVG,2022,Goriška,441.0,267.0,201.0,148.0,296.0,197.0,472.0
,,,,,,,,2816.0,AVG,2022,Obalno-kraška,571.0,397.0,239.0,244.0,440.0,310.0,615.0
,,,,,,,,13744.0,AVG,2022,Osrednjeslovenska,2233.0,1498.0,1139.0,964.0,2066.0,1803.0,4041.0
,,,,,,,,,AVG,2022,,,,,,,,
,,,,,,,,625.0,AVG,2022,Občina izven RS,329.0,155.0,38.0,17.0,44.0,18.0,24.0
,,,,,,,,52043.0,SEP,2022,Slovenija,10115.0,6284.0,4937.0,3579.0,7749.0,5327.0,14052.0
,,,,,,,,,SEP,2022,,,,,,,,
,,,,,,,,30230.0,SEP,2022,Vzhodna Slovenija,5722.0,3429.0,2933.0,2131.0,4550.0,2839.0,8626.0
,,,,,,,,4032.0,SEP,2022,Jugovzhodna Slovenija,695.0,432.0,411.0,235.0,566.0,388.0,1305.0
,,,,,,,,1632.0,SEP,2022,Koroška,355.0,190.0,165.0,147.0,251.0,135.0,389.0
,,,,,,,,8874.0,SEP,2022,Podravska,1696.0,1052.0,844.0,623.0,1422.0,931.0,2306.0
,,,,,,,,3241.0,SEP,2022,Pomurska,690.0,342.0,319.0,259.0,402.0,233.0,996.0
,,,,,,,,2427.0,SEP,2022,Posavska,378.0,224.0,207.0,143.0,332.0,238.0,905.0
,,,,,,,,962.0,SEP,2022,Primorsko-notranjska,235.0,119.0,95.0,57.0,133.0,84.0,239.0
,,,,,,,,7442.0,SEP,2022,Savinjska,1420.0,883.0,740.0,551.0,1198.0,634.0,2016.0
,,,,,,,,1620.0,SEP,2022,Zasavska,253.0,187.0,152.0,116.0,246.0,196.0,470.0
,,,,,,,,,SEP,2022,,,,,,,,
,,,,,,,,21155.0,SEP,2022,Zahodna Slovenija,4093.0,2636.0,1962.0,1433.0,3159.0,2471.0,5401.0
,,,,,,,,3216.0,SEP,2022,Gorenjska,865.0,516.0,376.0,279.0,471.0,315.0,394.0
,,,,,,,,1908.0,SEP,2022,Goriška,406.0,247.0,179.0,135.0,292.0,189.0,460.0
,,,,,,,,2754.0,SEP,2022,Obalno-kraška,608.0,379.0,253.0,187.0,437.0,295.0,595.0
,,,,,,,,13277.0,SEP,2022,Osrednjeslovenska,2214.0,1494.0,1154.0,832.0,1959.0,1672.0,3952.0
,,,,,,,,,SEP,2022,,,,,,,,
,,,,,,,,658.0,SEP,2022,Občina izven RS,300.0,219.0,42.0,15.0,40.0,17.0,25.0
,,,,,,,,52991.0,OKT,2022,Slovenija,12251.0,6422.0,3739.0,4040.0,7481.0,5162.0,13896.0
,,,,,,,,,OKT,2022,,,,,,,,
,,,,,,,,30953.0,OKT,2022,Vzhodna Slovenija,7125.0,3546.0,2133.0,2436.0,4455.0,2743.0,8515.0
,,,,,,,,4032.0,OKT,2022,Jugovzhodna Slovenija,779.0,414.0,301.0,329.0,545.0,363.0,1301.0
,,,,,,,,1697.0,OKT,2022,Koroška,440.0,211.0,106.0,159.0,279.0,128.0,374.0
,,,,,,,,9053.0,OKT,2022,Podravska,2157.0,1063.0,664.0,659.0,1332.0,912.0,2266.0
,,,,,,,,3388.0,OKT,2022,Pomurska,923.0,369.0,210.0,293.0,402.0,220.0,971.0
,,,,,,,,2500.0,OKT,2022,Posavska,494.0,219.0,162.0,146.0,330.0,241.0,908.0
,,,,,,,,986.0,OKT,2022,Primorsko-notranjska,269.0,129.0,68.0,71.0,132.0,83.0,234.0
,,,,,,,,7685.0,OKT,2022,Savinjska,1770.0,957.0,505.0,659.0,1185.0,621.0,1988.0
,,,,,,,,1612.0,OKT,2022,Zasavska,293.0,184.0,117.0,120.0,250.0,175.0,473.0
,,,,,,,,,OKT,2022,,,,,,,,
,,,,,,,,21384.0,OKT,2022,Zahodna Slovenija,4828.0,2663.0,1557.0,1582.0,2993.0,2403.0,5358.0
,,,,,,,,3275.0,OKT,2022,Gorenjska,1017.0,523.0,283.0,314.0,468.0,283.0,387.0
,,,,,,,,1919.0,OKT,2022,Goriška,479.0,241.0,132.0,153.0,269.0,189.0,456.0
,,,,,,,,2816.0,OKT,2022,Obalno-kraška,716.0,397.0,211.0,205.0,411.0,286.0,590.0
,,,,,,,,13374.0,OKT,2022,Osrednjeslovenska,2616.0,1502.0,931.0,910.0,1845.0,1645.0,3925.0
,,,,,,,,,OKT,2022,,,,,,,,
,,,,,,,,654.0,OKT,2022,Občina izven RS,298.0,213.0,49.0,22.0,33.0,16.0,23.0
,,,,,,,,52541.0,NOV,2022,Slovenija,13029.0,5840.0,4118.0,3612.0,7377.0,4858.0,13707.0
,,,,,,,,,NOV,2022,,,,,,,,
,,,,,,,,30667.0,NOV,2022,Vzhodna Slovenija,7517.0,3265.0,2299.0,2194.0,4378.0,2591.0,8423.0
,,,,,,,,3951.0,NOV,2022,Jugovzhodna Slovenija,795.0,376.0,306.0,308.0,542.0,350.0,1274.0
,,,,,,,,1683.0,NOV,2022,Koroška,489.0,169.0,129.0,134.0,267.0,119.0,376.0
,,,,,,,,8964.0,NOV,2022,Podravska,2306.0,994.0,700.0,589.0,1282.0,859.0,2234.0
,,,,,,,,3444.0,NOV,2022,Pomurska,997.0,378.0,214.0,269.0,421.0,205.0,960.0
,,,,,,,,2514.0,NOV,2022,Posavska,527.0,222.0,168.0,133.0,326.0,235.0,903.0
,,,,,,,,981.0,NOV,2022,Primorsko-notranjska,279.0,119.0,87.0,64.0,133.0,78.0,221.0
,,,,,,,,7582.0,NOV,2022,Savinjska,1826.0,866.0,563.0,587.0,1179.0,577.0,1984.0
,,,,,,,,1548.0,NOV,2022,Zasavska,298.0,141.0,132.0,110.0,228.0,168.0,471.0
,,,,,,,,,NOV,2022,,,,,,,,
,,,,,,,,21194.0,NOV,2022,Zahodna Slovenija,5208.0,2385.0,1724.0,1395.0,2966.0,2254.0,5262.0
,,,,,,,,3262.0,NOV,2022,Gorenjska,1064.0,485.0,292.0,282.0,484.0,272.0,383.0
,,,,,,,,1947.0,NOV,2022,Goriška,533.0,229.0,154.0,138.0,269.0,171.0,453.0
,,,,,,,,2886.0,NOV,2022,Obalno-kraška,869.0,346.0,266.0,160.0,414.0,260.0,571.0
,,,,,,,,13099.0,NOV,2022,Osrednjeslovenska,2742.0,1325.0,1012.0,815.0,1799.0,1551.0,3855.0
,,,,,,,,,NOV,2022,,,,,,,,
,,,,,,,,680.0,NOV,2022,Občina izven RS,304.0,190.0,95.0,23.0,33.0,13.0,22.0
,,,,,,,,53181.0,DEC,2022,Slovenija,13360.0,6575.0,4223.0,3662.0,7294.0,4593.0,13474.0
,,,,,,,,,DEC,2022,,,,,,,,
,,,,,,,,31077.0,DEC,2022,Vzhodna Slovenija,7745.0,3745.0,2274.0,2204.0,4342.0,2495.0,8272.0
,,,,,,,,3912.0,DEC,2022,Jugovzhodna Slovenija,713.0,454.0,303.0,321.0,545.0,322.0,1254.0
,,,,,,,,1736.0,DEC,2022,Koroška,506.0,221.0,117.0,130.0,268.0,117.0,377.0
,,,,,,,,9052.0,DEC,2022,Podravska,2426.0,1104.0,668.0,604.0,1244.0,821.0,2185.0
,,,,,,,,3617.0,DEC,2022,Pomurska,1131.0,437.0,233.0,246.0,440.0,201.0,929.0
,,,,,,,,2509.0,DEC,2022,Posavska,486.0,270.0,149.0,168.0,319.0,229.0,888.0
,,,,,,,,990.0,DEC,2022,Primorsko-notranjska,265.0,147.0,86.0,71.0,127.0,75.0,219.0
,,,,,,,,7727.0,DEC,2022,Savinjska,1920.0,957.0,591.0,554.0,1173.0,569.0,1963.0
,,,,,,,,1534.0,DEC,2022,Zasavska,298.0,155.0,127.0,110.0,226.0,161.0,457.0
,,,,,,,,,DEC,2022,,,,,,,,
,,,,,,,,21288.0,DEC,2022,Zahodna Slovenija,5219.0,2662.0,1788.0,1431.0,2920.0,2086.0,5182.0
,,,,,,,,3351.0,DEC,2022,Gorenjska,1127.0,546.0,326.0,275.0,469.0,234.0,374.0
,,,,,,,,1934.0,DEC,2022,Goriška,495.0,261.0,171.0,120.0,278.0,160.0,449.0
,,,,,,,,2960.0,DEC,2022,Obalno-kraška,899.0,395.0,268.0,177.0,407.0,242.0,572.0
,,,,,,,,13043.0,DEC,2022,Osrednjeslovenska,2698.0,1460.0,1023.0,859.0,1766.0,1450.0,3787.0
,,,,,,,,,DEC,2022,,,,,,,,
,,,,,,,,816.0,DEC,2022,Občina izven RS,396.0,168.0,161.0,27.0,32.0,12.0,20.0
,,,,,,,,55386.0,JAN,2023,Slovenija,15023.0,7901.0,4490.0,2740.0,7467.0,4413.0,13352.0
,,,,,,,,,JAN,2023,,,,,,,,
,,,,,,,,32574.0,JAN,2023,Vzhodna Slovenija,8811.0,4621.0,2463.0,1574.0,4491.0,2414.0,8200.0
,,,,,,,,4065.0,JAN,2023,Jugovzhodna Slovenija,866.0,524.0,292.0,226.0,611.0,301.0,1245.0
,,,,,,,,1833.0,JAN,2023,Koroška,586.0,276.0,133.0,74.0,281.0,110.0,373.0
,,,,,,,,9496.0,JAN,2023,Podravska,2748.0,1424.0,720.0,463.0,1235.0,763.0,2143.0
,,,,,,,,3956.0,JAN,2023,Pomurska,1337.0,589.0,267.0,163.0,476.0,203.0,921.0
,,,,,,,,2531.0,JAN,2023,Posavska,493.0,327.0,153.0,137.0,308.0,223.0,890.0
,,,,,,,,1084.0,JAN,2023,Primorsko-notranjska,345.0,167.0,93.0,54.0,135.0,74.0,216.0
,,,,,,,,8051.0,JAN,2023,Savinjska,2113.0,1134.0,679.0,375.0,1201.0,602.0,1947.0
,,,,,,,,1558.0,JAN,2023,Zasavska,323.0,180.0,126.0,82.0,244.0,138.0,465.0
,,,,,,,,,JAN,2023,,,,,,,,
,,,,,,,,21811.0,JAN,2023,Zahodna Slovenija,5652.0,3105.0,1854.0,1130.0,2950.0,1988.0,5132.0
,,,,,,,,3508.0,JAN,2023,Gorenjska,1250.0,632.0,340.0,209.0,488.0,219.0,370.0
,,,,,,,,1971.0,JAN,2023,Goriška,537.0,283.0,179.0,96.0,273.0,157.0,446.0
,,,,,,,,3074.0,JAN,2023,Obalno-kraška,991.0,467.0,261.0,145.0,401.0,248.0,561.0
,,,,,,,,13258.0,JAN,2023,Osrednjeslovenska,2874.0,1723.0,1074.0,680.0,1788.0,1364.0,3755.0
,,,,,,,,,JAN,2023,,,,,,,,
,,,,,,,,1001.0,JAN,2023,Občina izven RS,560.0,175.0,173.0,36.0,26.0,11.0,20.0
,,,,,,,,53404.0,FEB,2023,Slovenija,13147.0,8579.0,4137.0,3122.0,7268.0,4034.0,13117.0
,,,,,,,,,FEB,2023,,,,,,,,
,,,,,,,,31261.0,FEB,2023,Vzhodna Slovenija,7601.0,4958.0,2317.0,1743.0,4354.0,2249.0,8039.0
,,,,,,,,3940.0,FEB,2023,Jugovzhodna Slovenija,756.0,539.0,270.0,238.0,612.0,273.0,1252.0
,,,,,,,,1730.0,FEB,2023,Koroška,497.0,300.0,116.0,97.0,260.0,98.0,362.0
,,,,,,,,9067.0,FEB,2023,Podravska,2373.0,1524.0,713.0,499.0,1178.0,711.0,2069.0
,,,,,,,,3743.0,FEB,2023,Pomurska,1129.0,639.0,260.0,170.0,459.0,188.0,898.0
,,,,,,,,2442.0,FEB,2023,Posavska,395.0,353.0,160.0,132.0,303.0,217.0,882.0
,,,,,,,,1047.0,FEB,2023,Primorsko-notranjska,303.0,171.0,90.0,70.0,132.0,68.0,213.0
,,,,,,,,7776.0,FEB,2023,Savinjska,1832.0,1234.0,612.0,434.0,1180.0,570.0,1914.0
,,,,,,,,1516.0,FEB,2023,Zasavska,316.0,198.0,96.0,103.0,230.0,124.0,449.0
,,,,,,,,,FEB,2023,,,,,,,,
,,,,,,,,21176.0,FEB,2023,Zahodna Slovenija,5040.0,3442.0,1672.0,1299.0,2890.0,1775.0,5058.0
,,,,,,,,3340.0,FEB,2023,Gorenjska,1077.0,668.0,320.0,215.0,505.0,183.0,372.0
,,,,,,,,1936.0,FEB,2023,Goriška,497.0,317.0,163.0,118.0,260.0,140.0,441.0
,,,,,,,,2990.0,FEB,2023,Obalno-kraška,841.0,574.0,235.0,189.0,381.0,222.0,548.0
,,,,,,,,12910.0,FEB,2023,Osrednjeslovenska,2625.0,1883.0,954.0,777.0,1744.0,1230.0,3697.0
,,,,,,,,,FEB,2023,,,,,,,,
,,,,,,,,967.0,FEB,2023,Občina izven RS,506.0,179.0,148.0,80.0,24.0,10.0,20.0
