Kohezijska / statistična regija,15 do 24 let,25 do 29 let,30 do 39 let,40 do 49 let,50 do 54 let,55 let ali več,Skupaj,month,year
Slovenija,7155.0,10017.0,19253.0,17040.0,11123.0,23331.0,87919.0,JAN,2018
,,,,,,,,JAN,2018
Vzhodna Slovenija,4895.0,6094.0,11008.0,10017.0,6851.0,13307.0,52172.0,JAN,2018
Jugovzhodna Slovenija,712.0,742.0,1331.0,1109.0,737.0,1568.0,6199.0,JAN,2018
Koroška,248.0,331.0,574.0,522.0,371.0,609.0,2655.0,JAN,2018
Podravska,1479.0,1881.0,3284.0,2983.0,1899.0,3664.0,15190.0,JAN,2018
Pomurska,757.0,743.0,1388.0,1478.0,1108.0,2087.0,7561.0,JAN,2018
Posavska,333.0,416.0,704.0,709.0,532.0,989.0,3683.0,JAN,2018
Primorsko-notranjska,134.0,218.0,423.0,385.0,272.0,626.0,2058.0,JAN,2018
Savinjska,995.0,1460.0,2692.0,2326.0,1566.0,3122.0,12161.0,JAN,2018
Zasavska,237.0,303.0,612.0,505.0,366.0,642.0,2665.0,JAN,2018
,,,,,,,,JAN,2018
Zahodna Slovenija,2216.0,3820.0,8062.0,6913.0,4226.0,9943.0,35180.0,JAN,2018
Gorenjska,435.0,627.0,1186.0,1040.0,667.0,1909.0,5864.0,JAN,2018
Goriška,239.0,418.0,800.0,639.0,424.0,1039.0,3559.0,JAN,2018
Obalno-kraška,251.0,429.0,1036.0,918.0,586.0,1332.0,4552.0,JAN,2018
Osrednjeslovenska,1291.0,2346.0,5040.0,4316.0,2549.0,5663.0,21205.0,JAN,2018
,,,,,,,,JAN,2018
Občina izven RS,44.0,103.0,183.0,110.0,46.0,81.0,567.0,JAN,2018
Slovenija,6801.0,9643.0,18728.0,16512.0,10860.0,23139.0,85683.0,FEB,2018
,,,,,,,,FEB,2018
Vzhodna Slovenija,4677.0,5876.0,10670.0,9677.0,6674.0,13213.0,50787.0,FEB,2018
Jugovzhodna Slovenija,703.0,722.0,1287.0,1060.0,714.0,1538.0,6024.0,FEB,2018
Koroška,229.0,313.0,547.0,504.0,356.0,607.0,2556.0,FEB,2018
Podravska,1393.0,1849.0,3193.0,2883.0,1856.0,3648.0,14822.0,FEB,2018
Pomurska,725.0,713.0,1342.0,1414.0,1079.0,2047.0,7320.0,FEB,2018
Posavska,324.0,395.0,708.0,677.0,519.0,995.0,3618.0,FEB,2018
Primorsko-notranjska,129.0,205.0,396.0,366.0,266.0,613.0,1975.0,FEB,2018
Savinjska,960.0,1383.0,2601.0,2293.0,1533.0,3123.0,11893.0,FEB,2018
Zasavska,214.0,296.0,596.0,480.0,351.0,642.0,2579.0,FEB,2018
,,,,,,,,FEB,2018
Zahodna Slovenija,2078.0,3672.0,7883.0,6723.0,4140.0,9849.0,34345.0,FEB,2018
Gorenjska,400.0,586.0,1166.0,1022.0,661.0,1886.0,5721.0,FEB,2018
Goriška,212.0,398.0,775.0,605.0,402.0,1019.0,3411.0,FEB,2018
Obalno-kraška,251.0,392.0,1005.0,889.0,559.0,1292.0,4388.0,FEB,2018
Osrednjeslovenska,1215.0,2296.0,4937.0,4207.0,2518.0,5652.0,20825.0,FEB,2018
,,,,,,,,FEB,2018
Občina izven RS,46.0,95.0,175.0,112.0,46.0,77.0,551.0,FEB,2018
Slovenija,6357.0,9132.0,17550.0,15378.0,10192.0,22611.0,81220.0,MAR,2018
,,,,,,,,MAR,2018
Vzhodna Slovenija,4384.0,5555.0,9953.0,8955.0,6234.0,12865.0,47946.0,MAR,2018
Jugovzhodna Slovenija,681.0,701.0,1214.0,1021.0,673.0,1524.0,5814.0,MAR,2018
Koroška,203.0,301.0,516.0,459.0,336.0,599.0,2414.0,MAR,2018
Podravska,1350.0,1754.0,3025.0,2673.0,1725.0,3520.0,14047.0,MAR,2018
Pomurska,654.0,667.0,1215.0,1237.0,986.0,1936.0,6695.0,MAR,2018
Posavska,295.0,348.0,629.0,620.0,480.0,964.0,3336.0,MAR,2018
Primorsko-notranjska,126.0,192.0,366.0,331.0,253.0,594.0,1862.0,MAR,2018
Savinjska,869.0,1315.0,2420.0,2157.0,1450.0,3094.0,11305.0,MAR,2018
Zasavska,206.0,277.0,568.0,457.0,331.0,634.0,2473.0,MAR,2018
,,,,,,,,MAR,2018
Zahodna Slovenija,1934.0,3490.0,7456.0,6345.0,3921.0,9669.0,32815.0,MAR,2018
Gorenjska,355.0,554.0,1059.0,920.0,599.0,1812.0,5299.0,MAR,2018
Goriška,205.0,359.0,738.0,592.0,381.0,1011.0,3286.0,MAR,2018
Obalno-kraška,232.0,371.0,960.0,832.0,513.0,1277.0,4185.0,MAR,2018
Osrednjeslovenska,1142.0,2206.0,4699.0,4001.0,2428.0,5569.0,20045.0,MAR,2018
,,,,,,,,MAR,2018
Občina izven RS,39.0,87.0,141.0,78.0,37.0,77.0,459.0,MAR,2018
Slovenija,6028.0,8690.0,16921.0,14738.0,9787.0,22391.0,78555.0,APR,2018
,,,,,,,,APR,2018
Vzhodna Slovenija,4142.0,5285.0,9569.0,8533.0,5973.0,12691.0,46193.0,APR,2018
Jugovzhodna Slovenija,665.0,660.0,1187.0,976.0,647.0,1504.0,5639.0,APR,2018
Koroška,206.0,294.0,509.0,437.0,322.0,599.0,2367.0,APR,2018
Podravska,1266.0,1654.0,2875.0,2573.0,1646.0,3468.0,13482.0,APR,2018
Pomurska,607.0,637.0,1114.0,1120.0,941.0,1903.0,6322.0,APR,2018
Posavska,281.0,346.0,621.0,601.0,468.0,952.0,3269.0,APR,2018
Primorsko-notranjska,112.0,187.0,350.0,310.0,254.0,591.0,1804.0,APR,2018
Savinjska,815.0,1256.0,2367.0,2079.0,1379.0,3053.0,10949.0,APR,2018
Zasavska,190.0,251.0,546.0,437.0,316.0,621.0,2361.0,APR,2018
,,,,,,,,APR,2018
Zahodna Slovenija,1852.0,3334.0,7226.0,6142.0,3785.0,9627.0,31966.0,APR,2018
Gorenjska,343.0,535.0,1037.0,881.0,556.0,1800.0,5152.0,APR,2018
Goriška,199.0,335.0,690.0,556.0,372.0,1007.0,3159.0,APR,2018
Obalno-kraška,214.0,348.0,914.0,786.0,477.0,1277.0,4016.0,APR,2018
Osrednjeslovenska,1096.0,2116.0,4585.0,3919.0,2380.0,5543.0,19639.0,APR,2018
,,,,,,,,APR,2018
Občina izven RS,34.0,71.0,126.0,63.0,29.0,73.0,396.0,APR,2018
Slovenija,5740.0,8302.0,16601.0,14362.0,9523.0,22177.0,76705.0,MAJ,2018
,,,,,,,,MAJ,2018
Vzhodna Slovenija,3951.0,5022.0,9431.0,8284.0,5803.0,12564.0,45055.0,MAJ,2018
Jugovzhodna Slovenija,647.0,630.0,1176.0,974.0,626.0,1477.0,5530.0,MAJ,2018
Koroška,198.0,269.0,496.0,426.0,306.0,600.0,2295.0,MAJ,2018
Podravska,1200.0,1604.0,2843.0,2524.0,1579.0,3426.0,13176.0,MAJ,2018
Pomurska,573.0,590.0,1075.0,1077.0,899.0,1861.0,6075.0,MAJ,2018
Posavska,261.0,330.0,627.0,574.0,458.0,953.0,3203.0,MAJ,2018
Primorsko-notranjska,104.0,162.0,340.0,283.0,239.0,584.0,1712.0,MAJ,2018
Savinjska,780.0,1182.0,2335.0,1996.0,1380.0,3037.0,10710.0,MAJ,2018
Zasavska,188.0,255.0,539.0,430.0,316.0,626.0,2354.0,MAJ,2018
,,,,,,,,MAJ,2018
Zahodna Slovenija,1755.0,3209.0,7047.0,6019.0,3691.0,9537.0,31258.0,MAJ,2018
Gorenjska,324.0,518.0,1006.0,843.0,549.0,1780.0,5020.0,MAJ,2018
Goriška,177.0,331.0,663.0,534.0,353.0,993.0,3051.0,MAJ,2018
Obalno-kraška,204.0,329.0,859.0,779.0,448.0,1272.0,3891.0,MAJ,2018
Osrednjeslovenska,1050.0,2031.0,4519.0,3863.0,2341.0,5492.0,19296.0,MAJ,2018
,,,,,,,,MAJ,2018
Občina izven RS,34.0,71.0,123.0,59.0,29.0,76.0,392.0,MAJ,2018
Slovenija,5431.0,8010.0,16289.0,14152.0,9251.0,21855.0,74988.0,JUN,2018
,,,,,,,,JUN,2018
Vzhodna Slovenija,3733.0,4807.0,9260.0,8181.0,5671.0,12360.0,44012.0,JUN,2018
Jugovzhodna Slovenija,628.0,631.0,1152.0,944.0,619.0,1443.0,5417.0,JUN,2018
Koroška,181.0,244.0,477.0,425.0,297.0,584.0,2208.0,JUN,2018
Podravska,1125.0,1552.0,2790.0,2487.0,1536.0,3332.0,12822.0,JUN,2018
Pomurska,550.0,547.0,1030.0,1054.0,873.0,1832.0,5886.0,JUN,2018
Posavska,247.0,307.0,607.0,575.0,448.0,955.0,3139.0,JUN,2018
Primorsko-notranjska,98.0,147.0,333.0,266.0,229.0,578.0,1651.0,JUN,2018
Savinjska,724.0,1125.0,2340.0,2004.0,1357.0,3019.0,10569.0,JUN,2018
Zasavska,180.0,254.0,531.0,426.0,312.0,617.0,2320.0,JUN,2018
,,,,,,,,JUN,2018
Zahodna Slovenija,1664.0,3132.0,6919.0,5911.0,3549.0,9426.0,30601.0,JUN,2018
Gorenjska,290.0,508.0,987.0,823.0,507.0,1764.0,4879.0,JUN,2018
Goriška,168.0,331.0,651.0,535.0,349.0,976.0,3010.0,JUN,2018
Obalno-kraška,192.0,313.0,797.0,754.0,432.0,1241.0,3729.0,JUN,2018
Osrednjeslovenska,1014.0,1980.0,4484.0,3799.0,2261.0,5445.0,18983.0,JUN,2018
,,,,,,,,JUN,2018
Občina izven RS,34.0,71.0,110.0,60.0,31.0,69.0,375.0,JUN,2018
Slovenija,5429.0,8403.0,16823.0,14436.0,9226.0,21734.0,76051.0,JUL,2018
,,,,,,,,JUL,2018
Vzhodna Slovenija,3735.0,5010.0,9559.0,8324.0,5663.0,12370.0,44661.0,JUL,2018
Jugovzhodna Slovenija,615.0,642.0,1204.0,983.0,615.0,1443.0,5502.0,JUL,2018
Koroška,193.0,254.0,500.0,427.0,296.0,572.0,2242.0,JUL,2018
Podravska,1098.0,1634.0,2878.0,2521.0,1547.0,3349.0,13027.0,JUL,2018
Pomurska,551.0,570.0,1051.0,1057.0,862.0,1833.0,5924.0,JUL,2018
Posavska,261.0,327.0,622.0,584.0,437.0,972.0,3203.0,JUL,2018
Primorsko-notranjska,99.0,160.0,329.0,276.0,228.0,572.0,1664.0,JUL,2018
Savinjska,739.0,1160.0,2413.0,2031.0,1376.0,2992.0,10711.0,JUL,2018
Zasavska,179.0,263.0,562.0,445.0,302.0,637.0,2388.0,JUL,2018
,,,,,,,,JUL,2018
Zahodna Slovenija,1665.0,3324.0,7145.0,6054.0,3530.0,9303.0,31021.0,JUL,2018
Gorenjska,289.0,532.0,1035.0,864.0,492.0,1722.0,4934.0,JUL,2018
Goriška,157.0,371.0,692.0,555.0,354.0,960.0,3089.0,JUL,2018
Obalno-kraška,190.0,333.0,834.0,753.0,430.0,1251.0,3791.0,JUL,2018
Osrednjeslovenska,1029.0,2088.0,4584.0,3882.0,2254.0,5370.0,19207.0,JUL,2018
,,,,,,,,JUL,2018
Občina izven RS,29.0,69.0,119.0,58.0,33.0,61.0,369.0,JUL,2018
Slovenija,5388.0,8447.0,17059.0,14464.0,9101.0,21461.0,75920.0,AVG,2018
,,,,,,,,AVG,2018
Vzhodna Slovenija,3697.0,5059.0,9704.0,8294.0,5582.0,12267.0,44603.0,AVG,2018
Jugovzhodna Slovenija,633.0,637.0,1232.0,987.0,593.0,1454.0,5536.0,AVG,2018
Koroška,189.0,257.0,520.0,416.0,297.0,572.0,2251.0,AVG,2018
Podravska,1090.0,1634.0,2896.0,2484.0,1540.0,3308.0,12952.0,AVG,2018
Pomurska,534.0,585.0,1058.0,1049.0,845.0,1837.0,5908.0,AVG,2018
Posavska,245.0,337.0,649.0,584.0,436.0,959.0,3210.0,AVG,2018
Primorsko-notranjska,94.0,162.0,350.0,296.0,221.0,576.0,1699.0,AVG,2018
Savinjska,732.0,1185.0,2430.0,2017.0,1357.0,2923.0,10644.0,AVG,2018
Zasavska,180.0,262.0,569.0,461.0,293.0,638.0,2403.0,AVG,2018
,,,,,,,,AVG,2018
Zahodna Slovenija,1656.0,3316.0,7229.0,6110.0,3488.0,9131.0,30930.0,AVG,2018
Gorenjska,281.0,534.0,1046.0,867.0,478.0,1676.0,4882.0,AVG,2018
Goriška,149.0,366.0,690.0,571.0,349.0,947.0,3072.0,AVG,2018
Obalno-kraška,188.0,339.0,848.0,765.0,431.0,1241.0,3812.0,AVG,2018
Osrednjeslovenska,1038.0,2077.0,4645.0,3907.0,2230.0,5267.0,19164.0,AVG,2018
,,,,,,,,AVG,2018
Občina izven RS,35.0,72.0,126.0,60.0,31.0,63.0,387.0,AVG,2018
Slovenija,5463.0,7997.0,16334.0,14079.0,8894.0,21014.0,73781.0,SEP,2018
,,,,,,,,SEP,2018
Vzhodna Slovenija,3666.0,4745.0,9219.0,8048.0,5452.0,12041.0,43171.0,SEP,2018
Jugovzhodna Slovenija,619.0,587.0,1160.0,971.0,578.0,1422.0,5337.0,SEP,2018
Koroška,172.0,230.0,468.0,410.0,288.0,567.0,2135.0,SEP,2018
Podravska,1080.0,1555.0,2779.0,2418.0,1500.0,3242.0,12574.0,SEP,2018
Pomurska,530.0,533.0,1021.0,1003.0,825.0,1807.0,5719.0,SEP,2018
Posavska,265.0,323.0,627.0,580.0,433.0,943.0,3171.0,SEP,2018
Primorsko-notranjska,100.0,151.0,327.0,284.0,207.0,564.0,1633.0,SEP,2018
Savinjska,730.0,1115.0,2297.0,1949.0,1331.0,2889.0,10311.0,SEP,2018
Zasavska,170.0,251.0,540.0,433.0,290.0,607.0,2291.0,SEP,2018
,,,,,,,,SEP,2018
Zahodna Slovenija,1760.0,3182.0,6989.0,5968.0,3418.0,8915.0,30232.0,SEP,2018
Gorenjska,300.0,490.0,991.0,812.0,468.0,1608.0,4669.0,SEP,2018
Goriška,161.0,357.0,654.0,558.0,332.0,929.0,2991.0,SEP,2018
Obalno-kraška,190.0,340.0,805.0,738.0,432.0,1229.0,3734.0,SEP,2018
Osrednjeslovenska,1109.0,1995.0,4539.0,3860.0,2186.0,5149.0,18838.0,SEP,2018
,,,,,,,,SEP,2018
Občina izven RS,37.0,70.0,126.0,63.0,24.0,58.0,378.0,SEP,2018
Slovenija,7309.0,9038.0,16161.0,14069.0,8900.0,20755.0,76232.0,OKT,2018
,,,,,,,,OKT,2018
Vzhodna Slovenija,4923.0,5330.0,9091.0,8002.0,5438.0,11818.0,44602.0,OKT,2018
Jugovzhodna Slovenija,699.0,660.0,1141.0,950.0,566.0,1373.0,5389.0,OKT,2018
Koroška,277.0,271.0,441.0,417.0,292.0,572.0,2270.0,OKT,2018
Podravska,1451.0,1710.0,2773.0,2407.0,1487.0,3186.0,13014.0,OKT,2018
Pomurska,693.0,610.0,1021.0,1008.0,839.0,1783.0,5954.0,OKT,2018
Posavska,355.0,379.0,632.0,570.0,432.0,939.0,3307.0,OKT,2018
Primorsko-notranjska,148.0,174.0,311.0,278.0,208.0,551.0,1670.0,OKT,2018
Savinjska,1067.0,1258.0,2245.0,1932.0,1327.0,2827.0,10656.0,OKT,2018
Zasavska,233.0,268.0,527.0,440.0,287.0,587.0,2342.0,OKT,2018
,,,,,,,,OKT,2018
Zahodna Slovenija,2343.0,3632.0,6948.0,5999.0,3436.0,8878.0,31236.0,OKT,2018
Gorenjska,444.0,566.0,1015.0,828.0,488.0,1590.0,4931.0,OKT,2018
Goriška,241.0,426.0,653.0,565.0,338.0,925.0,3148.0,OKT,2018
Obalno-kraška,261.0,376.0,830.0,780.0,452.0,1250.0,3949.0,OKT,2018
Osrednjeslovenska,1397.0,2264.0,4450.0,3826.0,2158.0,5113.0,19208.0,OKT,2018
,,,,,,,,OKT,2018
Občina izven RS,43.0,76.0,122.0,68.0,26.0,59.0,394.0,OKT,2018
Slovenija,7077.0,8855.0,16289.0,14277.0,8928.0,20673.0,76099.0,NOV,2018
,,,,,,,,NOV,2018
Vzhodna Slovenija,4734.0,5258.0,9049.0,8127.0,5459.0,11792.0,44419.0,NOV,2018
Jugovzhodna Slovenija,656.0,663.0,1122.0,966.0,568.0,1378.0,5353.0,NOV,2018
Koroška,255.0,256.0,448.0,422.0,295.0,567.0,2243.0,NOV,2018
Podravska,1425.0,1690.0,2780.0,2440.0,1501.0,3187.0,13023.0,NOV,2018
Pomurska,672.0,625.0,998.0,1044.0,852.0,1802.0,5993.0,NOV,2018
Posavska,346.0,379.0,629.0,583.0,426.0,935.0,3298.0,NOV,2018
Primorsko-notranjska,142.0,176.0,311.0,281.0,212.0,551.0,1673.0,NOV,2018
Savinjska,1007.0,1213.0,2218.0,1951.0,1327.0,2786.0,10502.0,NOV,2018
Zasavska,231.0,256.0,543.0,440.0,278.0,586.0,2334.0,NOV,2018
,,,,,,,,NOV,2018
Zahodna Slovenija,2302.0,3522.0,7106.0,6080.0,3439.0,8818.0,31267.0,NOV,2018
Gorenjska,451.0,528.0,1036.0,854.0,503.0,1583.0,4955.0,NOV,2018
Goriška,226.0,401.0,674.0,581.0,332.0,922.0,3136.0,NOV,2018
Obalno-kraška,283.0,386.0,891.0,816.0,469.0,1255.0,4100.0,NOV,2018
Osrednjeslovenska,1342.0,2207.0,4505.0,3829.0,2135.0,5058.0,19076.0,NOV,2018
,,,,,,,,NOV,2018
Občina izven RS,41.0,75.0,134.0,70.0,30.0,63.0,413.0,NOV,2018
Slovenija,6992.0,8932.0,16979.0,15129.0,9370.0,21132.0,78534.0,DEC,2018
,,,,,,,,DEC,2018
Vzhodna Slovenija,4709.0,5321.0,9484.0,8658.0,5735.0,12109.0,46016.0,DEC,2018
Jugovzhodna Slovenija,641.0,668.0,1146.0,1000.0,568.0,1363.0,5386.0,DEC,2018
Koroška,235.0,260.0,463.0,440.0,312.0,585.0,2295.0,DEC,2018
Podravska,1421.0,1715.0,2899.0,2649.0,1601.0,3272.0,13557.0,DEC,2018
Pomurska,684.0,655.0,1079.0,1160.0,925.0,1903.0,6406.0,DEC,2018
Posavska,354.0,394.0,685.0,630.0,448.0,971.0,3482.0,DEC,2018
Primorsko-notranjska,152.0,175.0,332.0,290.0,222.0,552.0,1723.0,DEC,2018
Savinjska,999.0,1202.0,2328.0,2042.0,1383.0,2869.0,10823.0,DEC,2018
Zasavska,223.0,252.0,552.0,447.0,276.0,594.0,2344.0,DEC,2018
,,,,,,,,DEC,2018
Zahodna Slovenija,2229.0,3515.0,7327.0,6372.0,3586.0,8949.0,31978.0,DEC,2018
Gorenjska,444.0,570.0,1096.0,967.0,573.0,1617.0,5267.0,DEC,2018
Goriška,224.0,377.0,689.0,592.0,345.0,918.0,3145.0,DEC,2018
Obalno-kraška,276.0,386.0,914.0,848.0,472.0,1264.0,4160.0,DEC,2018
Osrednjeslovenska,1285.0,2182.0,4628.0,3965.0,2196.0,5150.0,19406.0,DEC,2018
,,,,,,,,DEC,2018
Občina izven RS,54.0,96.0,168.0,99.0,49.0,74.0,540.0,DEC,2018
Slovenija,7118.0,9102.0,18068.0,16170.0,10000.0,22333.0,82791.0,JAN,2019
,,,,,,,,JAN,2019
Vzhodna Slovenija,4777.0,5437.0,10202.0,9311.0,6159.0,12907.0,48793.0,JAN,2019
Jugovzhodna Slovenija,642.0,665.0,1238.0,1039.0,606.0,1437.0,5627.0,JAN,2019
Koroška,230.0,264.0,525.0,470.0,340.0,622.0,2451.0,JAN,2019
Podravska,1438.0,1760.0,3097.0,2866.0,1784.0,3557.0,14502.0,JAN,2019
Pomurska,708.0,688.0,1215.0,1313.0,996.0,2028.0,6948.0,JAN,2019
Posavska,365.0,380.0,710.0,663.0,455.0,993.0,3566.0,JAN,2019
Primorsko-notranjska,160.0,178.0,343.0,308.0,219.0,571.0,1779.0,JAN,2019
Savinjska,1019.0,1252.0,2483.0,2187.0,1460.0,3079.0,11480.0,JAN,2019
Zasavska,215.0,250.0,591.0,465.0,299.0,620.0,2440.0,JAN,2019
,,,,,,,,JAN,2019
Zahodna Slovenija,2275.0,3542.0,7659.0,6723.0,3773.0,9337.0,33309.0,JAN,2019
Gorenjska,455.0,583.0,1149.0,1025.0,613.0,1680.0,5505.0,JAN,2019
Goriška,234.0,370.0,715.0,620.0,360.0,961.0,3260.0,JAN,2019
Obalno-kraška,285.0,412.0,1011.0,947.0,521.0,1323.0,4499.0,JAN,2019
Osrednjeslovenska,1301.0,2177.0,4784.0,4131.0,2279.0,5373.0,20045.0,JAN,2019
,,,,,,,,JAN,2019
Občina izven RS,66.0,123.0,207.0,136.0,68.0,89.0,689.0,JAN,2019
Slovenija,6789.0,8863.0,17683.0,15728.0,9745.0,21947.0,80755.0,FEB,2019
,,,,,,,,FEB,2019
Vzhodna Slovenija,4577.0,5315.0,9979.0,9071.0,6021.0,12657.0,47620.0,FEB,2019
Jugovzhodna Slovenija,616.0,628.0,1196.0,1015.0,580.0,1427.0,5462.0,FEB,2019
Koroška,219.0,258.0,521.0,469.0,332.0,607.0,2406.0,FEB,2019
Podravska,1400.0,1714.0,3021.0,2758.0,1752.0,3474.0,14119.0,FEB,2019
Pomurska,665.0,672.0,1168.0,1228.0,965.0,1978.0,6676.0,FEB,2019
Posavska,333.0,365.0,668.0,628.0,449.0,973.0,3416.0,FEB,2019
Primorsko-notranjska,144.0,184.0,328.0,303.0,218.0,548.0,1725.0,FEB,2019
Savinjska,989.0,1247.0,2489.0,2207.0,1437.0,3037.0,11406.0,FEB,2019
Zasavska,211.0,247.0,588.0,463.0,288.0,613.0,2410.0,FEB,2019
,,,,,,,,FEB,2019
Zahodna Slovenija,2143.0,3419.0,7507.0,6534.0,3668.0,9205.0,32476.0,FEB,2019
Gorenjska,420.0,562.0,1141.0,1003.0,588.0,1663.0,5377.0,FEB,2019
Goriška,205.0,368.0,695.0,570.0,350.0,951.0,3139.0,FEB,2019
Obalno-kraška,266.0,399.0,983.0,928.0,523.0,1302.0,4401.0,FEB,2019
Osrednjeslovenska,1252.0,2090.0,4688.0,4033.0,2207.0,5289.0,19559.0,FEB,2019
,,,,,,,,FEB,2019
Občina izven RS,69.0,129.0,197.0,123.0,56.0,85.0,659.0,FEB,2019
Slovenija,6282.0,8266.0,16631.0,14741.0,9142.0,21471.0,76533.0,MAR,2019
,,,,,,,,MAR,2019
Vzhodna Slovenija,4225.0,4958.0,9317.0,8416.0,5612.0,12311.0,44839.0,MAR,2019
Jugovzhodna Slovenija,579.0,597.0,1142.0,976.0,540.0,1395.0,5229.0,MAR,2019
Koroška,214.0,255.0,492.0,461.0,310.0,595.0,2327.0,MAR,2019
Podravska,1299.0,1588.0,2797.0,2525.0,1624.0,3382.0,13215.0,MAR,2019
Pomurska,601.0,604.0,1053.0,1093.0,878.0,1866.0,6095.0,MAR,2019
Posavska,308.0,346.0,643.0,576.0,432.0,956.0,3261.0,MAR,2019
Primorsko-notranjska,137.0,163.0,320.0,284.0,209.0,535.0,1648.0,MAR,2019
Savinjska,887.0,1168.0,2306.0,2059.0,1344.0,2980.0,10744.0,MAR,2019
Zasavska,200.0,237.0,564.0,442.0,275.0,602.0,2320.0,MAR,2019
,,,,,,,,MAR,2019
Zahodna Slovenija,1998.0,3202.0,7139.0,6226.0,3477.0,9095.0,31137.0,MAR,2019
Gorenjska,386.0,492.0,1063.0,930.0,536.0,1648.0,5055.0,MAR,2019
Goriška,190.0,331.0,666.0,563.0,332.0,954.0,3036.0,MAR,2019
Obalno-kraška,239.0,357.0,891.0,859.0,496.0,1286.0,4128.0,MAR,2019
Osrednjeslovenska,1183.0,2022.0,4519.0,3874.0,2113.0,5207.0,18918.0,MAR,2019
,,,,,,,,MAR,2019
Občina izven RS,59.0,106.0,175.0,99.0,53.0,65.0,557.0,MAR,2019
Slovenija,5910.0,7813.0,16087.0,14168.0,8786.0,21201.0,73965.0,APR,2019
,,,,,,,,APR,2019
Vzhodna Slovenija,3980.0,4700.0,9012.0,8102.0,5370.0,12113.0,43277.0,APR,2019
Jugovzhodna Slovenija,547.0,579.0,1101.0,955.0,520.0,1363.0,5065.0,APR,2019
Koroška,198.0,246.0,475.0,433.0,301.0,601.0,2254.0,APR,2019
Podravska,1215.0,1509.0,2727.0,2433.0,1558.0,3326.0,12768.0,APR,2019
Pomurska,554.0,566.0,1017.0,1012.0,830.0,1779.0,5758.0,APR,2019
Posavska,286.0,323.0,612.0,548.0,421.0,931.0,3121.0,APR,2019
Primorsko-notranjska,125.0,139.0,294.0,277.0,200.0,526.0,1561.0,APR,2019
Savinjska,868.0,1091.0,2223.0,2001.0,1286.0,2986.0,10455.0,APR,2019
Zasavska,187.0,247.0,563.0,443.0,254.0,601.0,2295.0,APR,2019
,,,,,,,,APR,2019
Zahodna Slovenija,1886.0,3012.0,6897.0,5981.0,3368.0,9026.0,30170.0,APR,2019
Gorenjska,356.0,454.0,989.0,883.0,518.0,1658.0,4858.0,APR,2019
Goriška,184.0,311.0,633.0,546.0,320.0,931.0,2925.0,APR,2019
Obalno-kraška,226.0,334.0,832.0,794.0,475.0,1242.0,3903.0,APR,2019
Osrednjeslovenska,1120.0,1913.0,4443.0,3758.0,2055.0,5195.0,18484.0,APR,2019
,,,,,,,,APR,2019
Občina izven RS,44.0,101.0,178.0,85.0,48.0,62.0,518.0,APR,2019
Slovenija,5590.0,7481.0,15592.0,13746.0,8519.0,21084.0,72012.0,MAJ,2019
,,,,,,,,MAJ,2019
Vzhodna Slovenija,3759.0,4519.0,8772.0,7810.0,5200.0,12048.0,42108.0,MAJ,2019
Jugovzhodna Slovenija,537.0,559.0,1077.0,915.0,501.0,1345.0,4934.0,MAJ,2019
Koroška,190.0,259.0,462.0,416.0,285.0,613.0,2225.0,MAJ,2019
Podravska,1147.0,1452.0,2658.0,2329.0,1503.0,3299.0,12388.0,MAJ,2019
Pomurska,540.0,534.0,1007.0,957.0,807.0,1767.0,5612.0,MAJ,2019
Posavska,274.0,295.0,607.0,536.0,412.0,921.0,3045.0,MAJ,2019
Primorsko-notranjska,111.0,147.0,276.0,271.0,187.0,527.0,1519.0,MAJ,2019
Savinjska,779.0,1033.0,2148.0,1938.0,1258.0,2983.0,10139.0,MAJ,2019
Zasavska,181.0,240.0,537.0,448.0,247.0,593.0,2246.0,MAJ,2019
,,,,,,,,MAJ,2019
Zahodna Slovenija,1784.0,2876.0,6673.0,5862.0,3273.0,8965.0,29433.0,MAJ,2019
Gorenjska,331.0,450.0,945.0,856.0,479.0,1620.0,4681.0,MAJ,2019
Goriška,178.0,292.0,610.0,530.0,320.0,899.0,2829.0,MAJ,2019
Obalno-kraška,213.0,317.0,775.0,752.0,449.0,1216.0,3722.0,MAJ,2019
Osrednjeslovenska,1062.0,1817.0,4343.0,3724.0,2025.0,5230.0,18201.0,MAJ,2019
,,,,,,,,MAJ,2019
Občina izven RS,47.0,86.0,147.0,74.0,46.0,71.0,471.0,MAJ,2019
Slovenija,5347.0,7234.0,15337.0,13573.0,8328.0,20928.0,70747.0,JUN,2019
,,,,,,,,JUN,2019
Vzhodna Slovenija,3588.0,4377.0,8639.0,7737.0,5069.0,11992.0,41402.0,JUN,2019
Jugovzhodna Slovenija,527.0,547.0,1082.0,898.0,491.0,1338.0,4883.0,JUN,2019
Koroška,188.0,250.0,442.0,403.0,280.0,614.0,2177.0,JUN,2019
Podravska,1100.0,1399.0,2611.0,2303.0,1473.0,3292.0,12178.0,JUN,2019
Pomurska,513.0,509.0,998.0,956.0,791.0,1767.0,5534.0,JUN,2019
Posavska,264.0,275.0,598.0,545.0,395.0,922.0,2999.0,JUN,2019
Primorsko-notranjska,107.0,139.0,270.0,268.0,183.0,519.0,1486.0,JUN,2019
Savinjska,711.0,1025.0,2125.0,1931.0,1215.0,2967.0,9974.0,JUN,2019
Zasavska,178.0,233.0,513.0,433.0,241.0,573.0,2171.0,JUN,2019
,,,,,,,,JUN,2019
Zahodna Slovenija,1712.0,2774.0,6562.0,5765.0,3219.0,8864.0,28896.0,JUN,2019
Gorenjska,318.0,440.0,951.0,844.0,463.0,1593.0,4609.0,JUN,2019
Goriška,169.0,284.0,595.0,504.0,314.0,876.0,2742.0,JUN,2019
Obalno-kraška,192.0,285.0,728.0,723.0,429.0,1190.0,3547.0,JUN,2019
Osrednjeslovenska,1033.0,1765.0,4288.0,3694.0,2013.0,5205.0,17998.0,JUN,2019
,,,,,,,,JUN,2019
Občina izven RS,47.0,83.0,136.0,71.0,40.0,72.0,449.0,JUN,2019
Slovenija,5391.0,7445.0,15824.0,13911.0,8308.0,20971.0,71850.0,JUL,2019
,,,,,,,,JUL,2019
Vzhodna Slovenija,3644.0,4473.0,8951.0,7915.0,5057.0,12034.0,42074.0,JUL,2019
Jugovzhodna Slovenija,543.0,557.0,1155.0,906.0,504.0,1337.0,5002.0,JUL,2019
Koroška,197.0,252.0,473.0,414.0,277.0,612.0,2225.0,JUL,2019
Podravska,1089.0,1424.0,2665.0,2380.0,1452.0,3311.0,12321.0,JUL,2019
Pomurska,520.0,510.0,1027.0,986.0,802.0,1766.0,5611.0,JUL,2019
Posavska,270.0,293.0,617.0,544.0,396.0,919.0,3039.0,JUL,2019
Primorsko-notranjska,101.0,144.0,282.0,267.0,172.0,525.0,1491.0,JUL,2019
Savinjska,737.0,1041.0,2204.0,1986.0,1213.0,2968.0,10149.0,JUL,2019
Zasavska,187.0,252.0,528.0,432.0,241.0,596.0,2236.0,JUL,2019
,,,,,,,,JUL,2019
Zahodna Slovenija,1700.0,2898.0,6727.0,5925.0,3213.0,8862.0,29325.0,JUL,2019
Gorenjska,321.0,466.0,973.0,882.0,462.0,1559.0,4663.0,JUL,2019
Goriška,162.0,305.0,627.0,536.0,302.0,879.0,2811.0,JUL,2019
Obalno-kraška,175.0,301.0,740.0,738.0,422.0,1199.0,3575.0,JUL,2019
Osrednjeslovenska,1042.0,1826.0,4387.0,3769.0,2027.0,5225.0,18276.0,JUL,2019
,,,,,,,,JUL,2019
Občina izven RS,47.0,74.0,146.0,71.0,38.0,75.0,451.0,JUL,2019
Slovenija,5228.0,7377.0,15860.0,13960.0,8234.0,20885.0,71544.0,AVG,2019
,,,,,,,,AVG,2019
Vzhodna Slovenija,3549.0,4435.0,8953.0,7960.0,5042.0,11990.0,41929.0,AVG,2019
Jugovzhodna Slovenija,559.0,562.0,1153.0,911.0,513.0,1342.0,5040.0,AVG,2019
Koroška,189.0,253.0,481.0,426.0,266.0,612.0,2227.0,AVG,2019
Podravska,1033.0,1416.0,2686.0,2382.0,1431.0,3294.0,12242.0,AVG,2019
Pomurska,501.0,506.0,991.0,1033.0,861.0,1766.0,5658.0,AVG,2019
Posavska,261.0,295.0,623.0,558.0,391.0,922.0,3050.0,AVG,2019
Primorsko-notranjska,98.0,150.0,286.0,259.0,166.0,519.0,1478.0,AVG,2019
Savinjska,743.0,1014.0,2197.0,1963.0,1175.0,2947.0,10039.0,AVG,2019
Zasavska,165.0,239.0,536.0,428.0,239.0,588.0,2195.0,AVG,2019
,,,,,,,,AVG,2019
Zahodna Slovenija,1632.0,2876.0,6763.0,5931.0,3151.0,8820.0,29173.0,AVG,2019
Gorenjska,320.0,466.0,1010.0,887.0,450.0,1550.0,4683.0,AVG,2019
Goriška,146.0,307.0,634.0,535.0,292.0,881.0,2795.0,AVG,2019
Obalno-kraška,170.0,307.0,753.0,750.0,417.0,1196.0,3593.0,AVG,2019
Osrednjeslovenska,996.0,1796.0,4366.0,3759.0,1992.0,5193.0,18102.0,AVG,2019
,,,,,,,,AVG,2019
Občina izven RS,47.0,66.0,144.0,69.0,41.0,75.0,442.0,AVG,2019
Slovenija,5369.0,7013.0,15149.0,13695.0,8064.0,20544.0,69834.0,SEP,2019
,,,,,,,,SEP,2019
Vzhodna Slovenija,3606.0,4194.0,8543.0,7781.0,4915.0,11777.0,40816.0,SEP,2019
Jugovzhodna Slovenija,591.0,533.0,1134.0,912.0,494.0,1323.0,4987.0,SEP,2019
Koroška,193.0,239.0,441.0,418.0,264.0,615.0,2170.0,SEP,2019
Podravska,1041.0,1312.0,2565.0,2296.0,1375.0,3200.0,11789.0,SEP,2019
Pomurska,497.0,483.0,956.0,977.0,834.0,1757.0,5504.0,SEP,2019
Posavska,278.0,290.0,592.0,553.0,381.0,917.0,3011.0,SEP,2019
Primorsko-notranjska,102.0,139.0,272.0,258.0,164.0,516.0,1451.0,SEP,2019
Savinjska,726.0,965.0,2084.0,1941.0,1165.0,2881.0,9762.0,SEP,2019
Zasavska,178.0,233.0,499.0,426.0,238.0,568.0,2142.0,SEP,2019
,,,,,,,,SEP,2019
Zahodna Slovenija,1712.0,2751.0,6460.0,5831.0,3110.0,8692.0,28556.0,SEP,2019
Gorenjska,359.0,449.0,948.0,860.0,435.0,1520.0,4571.0,SEP,2019
Goriška,156.0,290.0,586.0,508.0,285.0,872.0,2697.0,SEP,2019
Obalno-kraška,187.0,288.0,746.0,725.0,421.0,1163.0,3530.0,SEP,2019
Osrednjeslovenska,1010.0,1724.0,4180.0,3738.0,1969.0,5137.0,17758.0,SEP,2019
,,,,,,,,SEP,2019
Občina izven RS,51.0,68.0,146.0,83.0,39.0,75.0,462.0,SEP,2019
Slovenija,7143.0,7943.0,15162.0,13787.0,8035.0,20346.0,72416.0,OKT,2019
,,,,,,,,OKT,2019
Vzhodna Slovenija,4804.0,4720.0,8489.0,7840.0,4920.0,11646.0,42419.0,OKT,2019
Jugovzhodna Slovenija,651.0,571.0,1130.0,929.0,487.0,1305.0,5073.0,OKT,2019
Koroška,305.0,291.0,446.0,420.0,271.0,613.0,2346.0,OKT,2019
Podravska,1427.0,1458.0,2568.0,2327.0,1385.0,3193.0,12358.0,OKT,2019
Pomurska,682.0,569.0,944.0,983.0,834.0,1735.0,5747.0,OKT,2019
Posavska,322.0,318.0,579.0,560.0,380.0,900.0,3059.0,OKT,2019
Primorsko-notranjska,157.0,155.0,279.0,261.0,162.0,502.0,1516.0,OKT,2019
Savinjska,1022.0,1111.0,2056.0,1925.0,1164.0,2843.0,10121.0,OKT,2019
Zasavska,238.0,247.0,487.0,435.0,237.0,555.0,2199.0,OKT,2019
,,,,,,,,OKT,2019
Zahodna Slovenija,2270.0,3135.0,6519.0,5853.0,3073.0,8626.0,29476.0,OKT,2019
Gorenjska,510.0,548.0,992.0,873.0,439.0,1506.0,4868.0,OKT,2019
Goriška,243.0,324.0,567.0,511.0,277.0,862.0,2784.0,OKT,2019
Obalno-kraška,229.0,339.0,759.0,739.0,431.0,1146.0,3643.0,OKT,2019
Osrednjeslovenska,1288.0,1924.0,4201.0,3730.0,1926.0,5112.0,18181.0,OKT,2019
,,,,,,,,OKT,2019
Občina izven RS,69.0,88.0,154.0,94.0,42.0,74.0,521.0,OKT,2019
Slovenija,6940.0,7899.0,15255.0,13909.0,8093.0,20299.0,72395.0,NOV,2019
,,,,,,,,NOV,2019
Vzhodna Slovenija,4662.0,4758.0,8595.0,7930.0,4953.0,11648.0,42546.0,NOV,2019
Jugovzhodna Slovenija,652.0,591.0,1111.0,925.0,474.0,1275.0,5028.0,NOV,2019
Koroška,296.0,292.0,470.0,416.0,271.0,621.0,2366.0,NOV,2019
Podravska,1382.0,1481.0,2604.0,2346.0,1389.0,3200.0,12402.0,NOV,2019
Pomurska,673.0,584.0,960.0,1004.0,851.0,1739.0,5811.0,NOV,2019
Posavska,319.0,318.0,600.0,571.0,373.0,920.0,3101.0,NOV,2019
Primorsko-notranjska,151.0,145.0,288.0,263.0,172.0,494.0,1513.0,NOV,2019
Savinjska,963.0,1108.0,2065.0,1966.0,1180.0,2854.0,10136.0,NOV,2019
Zasavska,226.0,239.0,497.0,439.0,243.0,545.0,2189.0,NOV,2019
,,,,,,,,NOV,2019
Zahodna Slovenija,2217.0,3049.0,6512.0,5872.0,3100.0,8577.0,29327.0,NOV,2019
Gorenjska,502.0,536.0,994.0,882.0,441.0,1463.0,4818.0,NOV,2019
Goriška,221.0,319.0,579.0,508.0,276.0,887.0,2790.0,NOV,2019
Obalno-kraška,255.0,357.0,782.0,772.0,437.0,1170.0,3773.0,NOV,2019
Osrednjeslovenska,1239.0,1837.0,4157.0,3710.0,1946.0,5057.0,17946.0,NOV,2019
,,,,,,,,NOV,2019
Občina izven RS,61.0,92.0,148.0,107.0,40.0,74.0,522.0,NOV,2019
Slovenija,7012.0,8157.0,15965.0,14813.0,8510.0,20835.0,75292.0,DEC,2019
,,,,,,,,DEC,2019
Vzhodna Slovenija,4739.0,4883.0,9019.0,8547.0,5198.0,12057.0,44443.0,DEC,2019
Jugovzhodna Slovenija,649.0,598.0,1135.0,959.0,504.0,1299.0,5144.0,DEC,2019
Koroška,293.0,287.0,494.0,439.0,277.0,636.0,2426.0,DEC,2019
Podravska,1409.0,1480.0,2725.0,2535.0,1470.0,3300.0,12919.0,DEC,2019
Pomurska,683.0,613.0,1077.0,1148.0,891.0,1837.0,6249.0,DEC,2019
Posavska,327.0,335.0,621.0,622.0,393.0,967.0,3265.0,DEC,2019
Primorsko-notranjska,155.0,156.0,286.0,288.0,169.0,498.0,1552.0,DEC,2019
Savinjska,992.0,1171.0,2167.0,2103.0,1244.0,2956.0,10633.0,DEC,2019
Zasavska,231.0,243.0,514.0,453.0,250.0,564.0,2255.0,DEC,2019
,,,,,,,,DEC,2019
Zahodna Slovenija,2182.0,3137.0,6720.0,6117.0,3249.0,8686.0,30091.0,DEC,2019
Gorenjska,526.0,581.0,1106.0,972.0,495.0,1486.0,5166.0,DEC,2019
Goriška,204.0,327.0,591.0,521.0,286.0,920.0,2849.0,DEC,2019
Obalno-kraška,258.0,358.0,826.0,836.0,460.0,1181.0,3919.0,DEC,2019
Osrednjeslovenska,1194.0,1871.0,4197.0,3788.0,2008.0,5099.0,18157.0,DEC,2019
,,,,,,,,DEC,2019
Občina izven RS,91.0,137.0,226.0,149.0,63.0,92.0,758.0,DEC,2019
Slovenija,8674.0,10176.0,20790.0,19244.0,9582.0,23033.0,91499.0,JAN,2021
,,,,,,,,JAN,2021
Vzhodna Slovenija,5516.0,5853.0,11379.0,10569.0,5647.0,13312.0,52276.0,JAN,2021
Jugovzhodna Slovenija,695.0,656.0,1399.0,1180.0,537.0,1480.0,5947.0,JAN,2021
Koroška,284.0,327.0,588.0,522.0,296.0,700.0,2717.0,JAN,2021
Podravska,1772.0,1930.0,3577.0,3323.0,1814.0,3814.0,16230.0,JAN,2021
Pomurska,850.0,698.0,1274.0,1311.0,798.0,1652.0,6583.0,JAN,2021
Posavska,403.0,406.0,776.0,766.0,432.0,1137.0,3920.0,JAN,2021
Primorsko-notranjska,163.0,183.0,420.0,381.0,166.0,522.0,1835.0,JAN,2021
Savinjska,1093.0,1380.0,2693.0,2508.0,1320.0,3330.0,12324.0,JAN,2021
Zasavska,256.0,273.0,652.0,578.0,284.0,677.0,2720.0,JAN,2021
,,,,,,,,JAN,2021
Zahodna Slovenija,3018.0,4129.0,9098.0,8455.0,3842.0,9606.0,38148.0,JAN,2021
Gorenjska,706.0,807.0,1626.0,1394.0,618.0,1631.0,6782.0,JAN,2021
Goriška,296.0,439.0,816.0,750.0,365.0,1024.0,3690.0,JAN,2021
Obalno-kraška,377.0,511.0,1261.0,1265.0,598.0,1397.0,5409.0,JAN,2021
Osrednjeslovenska,1639.0,2372.0,5395.0,5046.0,2261.0,5554.0,22267.0,JAN,2021
,,,,,,,,JAN,2021
Občina izven RS,140.0,194.0,313.0,220.0,93.0,115.0,1075.0,JAN,2021
Slovenija,8187.0,9637.0,19930.0,18588.0,9150.0,22559.0,88051.0,FEB,2021
,,,,,,,,FEB,2021
Vzhodna Slovenija,5231.0,5524.0,10800.0,10096.0,5372.0,12991.0,50014.0,FEB,2021
Jugovzhodna Slovenija,659.0,622.0,1311.0,1138.0,530.0,1474.0,5734.0,FEB,2021
Koroška,257.0,287.0,543.0,467.0,286.0,685.0,2525.0,FEB,2021
Podravska,1713.0,1837.0,3408.0,3218.0,1732.0,3681.0,15589.0,FEB,2021
Pomurska,783.0,668.0,1198.0,1250.0,733.0,1586.0,6218.0,FEB,2021
Posavska,399.0,376.0,733.0,734.0,419.0,1127.0,3788.0,FEB,2021
Primorsko-notranjska,155.0,183.0,405.0,355.0,163.0,508.0,1769.0,FEB,2021
Savinjska,1025.0,1301.0,2570.0,2355.0,1243.0,3274.0,11768.0,FEB,2021
Zasavska,240.0,250.0,632.0,579.0,266.0,656.0,2623.0,FEB,2021
,,,,,,,,FEB,2021
Zahodna Slovenija,2829.0,3937.0,8841.0,8284.0,3695.0,9457.0,37043.0,FEB,2021
Gorenjska,613.0,750.0,1555.0,1326.0,595.0,1581.0,6420.0,FEB,2021
Goriška,266.0,409.0,783.0,737.0,352.0,1021.0,3568.0,FEB,2021
Obalno-kraška,365.0,520.0,1215.0,1257.0,579.0,1362.0,5298.0,FEB,2021
Osrednjeslovenska,1585.0,2258.0,5288.0,4964.0,2169.0,5493.0,21757.0,FEB,2021
,,,,,,,,FEB,2021
Občina izven RS,127.0,176.0,289.0,208.0,83.0,111.0,994.0,FEB,2021
Slovenija,7482.0,8878.0,18620.0,17299.0,8538.0,21821.0,82638.0,MAR,2021
,,,,,,,,MAR,2021
Vzhodna Slovenija,4765.0,5075.0,10009.0,9251.0,4951.0,12568.0,46619.0,MAR,2021
Jugovzhodna Slovenija,619.0,564.0,1236.0,1051.0,482.0,1434.0,5386.0,MAR,2021
Koroška,231.0,262.0,488.0,417.0,275.0,683.0,2356.0,MAR,2021
Podravska,1556.0,1731.0,3206.0,2991.0,1616.0,3533.0,14633.0,MAR,2021
Pomurska,710.0,618.0,1062.0,1114.0,660.0,1492.0,5656.0,MAR,2021
Posavska,355.0,335.0,675.0,666.0,384.0,1082.0,3497.0,MAR,2021
Primorsko-notranjska,148.0,160.0,377.0,325.0,151.0,483.0,1644.0,MAR,2021
Savinjska,928.0,1168.0,2380.0,2148.0,1137.0,3230.0,10991.0,MAR,2021
Zasavska,218.0,237.0,585.0,539.0,246.0,631.0,2456.0,MAR,2021
,,,,,,,,MAR,2021
Zahodna Slovenija,2631.0,3675.0,8390.0,7896.0,3523.0,9161.0,35276.0,MAR,2021
Gorenjska,542.0,667.0,1423.0,1248.0,563.0,1525.0,5968.0,MAR,2021
Goriška,240.0,385.0,735.0,709.0,346.0,990.0,3405.0,MAR,2021
Obalno-kraška,350.0,505.0,1160.0,1194.0,549.0,1336.0,5094.0,MAR,2021
Osrednjeslovenska,1499.0,2118.0,5072.0,4745.0,2065.0,5310.0,20809.0,MAR,2021
,,,,,,,,MAR,2021
Občina izven RS,86.0,128.0,221.0,152.0,64.0,92.0,743.0,MAR,2021
Slovenija,6962.0,8323.0,17707.0,16666.0,8231.0,21396.0,79285.0,APR,2021
,,,,,,,,APR,2021
Vzhodna Slovenija,4431.0,4731.0,9456.0,8846.0,4757.0,12318.0,44539.0,APR,2021
Jugovzhodna Slovenija,609.0,524.0,1185.0,1022.0,465.0,1412.0,5217.0,APR,2021
Koroška,219.0,241.0,458.0,387.0,264.0,670.0,2239.0,APR,2021
Podravska,1422.0,1630.0,3021.0,2816.0,1534.0,3469.0,13892.0,APR,2021
Pomurska,662.0,563.0,981.0,1042.0,625.0,1414.0,5287.0,APR,2021
Posavska,343.0,320.0,653.0,653.0,372.0,1069.0,3410.0,APR,2021
Primorsko-notranjska,133.0,149.0,363.0,323.0,145.0,471.0,1584.0,APR,2021
Savinjska,858.0,1088.0,2239.0,2070.0,1108.0,3187.0,10550.0,APR,2021
Zasavska,185.0,216.0,556.0,533.0,244.0,626.0,2360.0,APR,2021
,,,,,,,,APR,2021
Zahodna Slovenija,2457.0,3475.0,8055.0,7684.0,3413.0,8988.0,34072.0,APR,2021
Gorenjska,513.0,614.0,1335.0,1205.0,532.0,1480.0,5679.0,APR,2021
Goriška,220.0,368.0,699.0,678.0,341.0,976.0,3282.0,APR,2021
Obalno-kraška,330.0,463.0,1120.0,1156.0,534.0,1306.0,4909.0,APR,2021
Osrednjeslovenska,1394.0,2030.0,4901.0,4645.0,2006.0,5226.0,20202.0,APR,2021
,,,,,,,,APR,2021
Občina izven RS,74.0,117.0,196.0,136.0,61.0,90.0,674.0,APR,2021
Slovenija,6357.0,7696.0,16602.0,15791.0,7792.0,20910.0,75148.0,MAJ,2021
,,,,,,,,MAJ,2021
Vzhodna Slovenija,4080.0,4357.0,8856.0,8423.0,4518.0,12052.0,42286.0,MAJ,2021
Jugovzhodna Slovenija,573.0,505.0,1130.0,976.0,439.0,1375.0,4998.0,MAJ,2021
Koroška,211.0,226.0,422.0,391.0,245.0,655.0,2150.0,MAJ,2021
Podravska,1304.0,1489.0,2799.0,2661.0,1464.0,3387.0,13104.0,MAJ,2021
Pomurska,597.0,498.0,879.0,968.0,574.0,1346.0,4862.0,MAJ,2021
Posavska,328.0,305.0,650.0,613.0,366.0,1061.0,3323.0,MAJ,2021
Primorsko-notranjska,119.0,142.0,333.0,303.0,134.0,469.0,1500.0,MAJ,2021
Savinjska,780.0,995.0,2114.0,1997.0,1058.0,3136.0,10080.0,MAJ,2021
Zasavska,168.0,197.0,529.0,514.0,238.0,623.0,2269.0,MAJ,2021
,,,,,,,,MAJ,2021
Zahodna Slovenija,2215.0,3237.0,7580.0,7241.0,3221.0,8775.0,32269.0,MAJ,2021
Gorenjska,448.0,577.0,1242.0,1096.0,482.0,1424.0,5269.0,MAJ,2021
Goriška,191.0,327.0,644.0,626.0,312.0,948.0,3048.0,MAJ,2021
Obalno-kraška,281.0,421.0,1031.0,1043.0,504.0,1246.0,4526.0,MAJ,2021
Osrednjeslovenska,1295.0,1912.0,4663.0,4476.0,1923.0,5157.0,19426.0,MAJ,2021
,,,,,,,,MAJ,2021
Občina izven RS,62.0,102.0,166.0,127.0,53.0,83.0,593.0,MAJ,2021
Slovenija,5770.0,7140.0,15549.0,14925.0,7345.0,20365.0,71094.0,JUN,2021
,,,,,,,,JUN,2021
Vzhodna Slovenija,3696.0,4079.0,8329.0,7959.0,4279.0,11786.0,40128.0,JUN,2021
Jugovzhodna Slovenija,551.0,477.0,1067.0,923.0,424.0,1335.0,4777.0,JUN,2021
Koroška,199.0,212.0,393.0,377.0,236.0,637.0,2054.0,JUN,2021
Podravska,1174.0,1381.0,2634.0,2523.0,1379.0,3311.0,12402.0,JUN,2021
Pomurska,505.0,469.0,818.0,876.0,527.0,1311.0,4506.0,JUN,2021
Posavska,297.0,282.0,611.0,595.0,347.0,1047.0,3179.0,JUN,2021
Primorsko-notranjska,99.0,129.0,296.0,280.0,130.0,445.0,1379.0,JUN,2021
Savinjska,710.0,931.0,2005.0,1905.0,1009.0,3088.0,9648.0,JUN,2021
Zasavska,161.0,198.0,505.0,480.0,227.0,612.0,2183.0,JUN,2021
,,,,,,,,JUN,2021
Zahodna Slovenija,2016.0,2974.0,7070.0,6851.0,3023.0,8501.0,30435.0,JUN,2021
Gorenjska,403.0,523.0,1122.0,1013.0,424.0,1359.0,4844.0,JUN,2021
Goriška,163.0,280.0,581.0,588.0,280.0,934.0,2826.0,JUN,2021
Obalno-kraška,240.0,359.0,911.0,915.0,448.0,1144.0,4017.0,JUN,2021
Osrednjeslovenska,1210.0,1812.0,4456.0,4335.0,1871.0,5064.0,18748.0,JUN,2021
,,,,,,,,JUN,2021
Občina izven RS,58.0,87.0,150.0,115.0,43.0,78.0,531.0,JUN,2021
Slovenija,5409.0,7015.0,15522.0,15030.0,7361.0,20318.0,70655.0,JUL,2021
,,,,,,,,JUL,2021
Vzhodna Slovenija,3478.0,3969.0,8399.0,8162.0,4363.0,11819.0,40190.0,JUL,2021
Jugovzhodna Slovenija,538.0,471.0,1066.0,917.0,425.0,1359.0,4776.0,JUL,2021
Koroška,182.0,206.0,396.0,384.0,226.0,642.0,2036.0,JUL,2021
Podravska,1089.0,1307.0,2695.0,2651.0,1457.0,3387.0,12586.0,JUL,2021
Pomurska,467.0,451.0,831.0,893.0,547.0,1298.0,4487.0,JUL,2021
Posavska,271.0,286.0,597.0,606.0,346.0,1045.0,3151.0,JUL,2021
Primorsko-notranjska,88.0,129.0,283.0,279.0,125.0,433.0,1337.0,JUL,2021
Savinjska,681.0,913.0,2018.0,1943.0,1006.0,3047.0,9608.0,JUL,2021
Zasavska,162.0,206.0,513.0,489.0,231.0,608.0,2209.0,JUL,2021
,,,,,,,,JUL,2021
Zahodna Slovenija,1878.0,2961.0,6971.0,6755.0,2963.0,8423.0,29951.0,JUL,2021
Gorenjska,363.0,522.0,1132.0,1029.0,427.0,1328.0,4801.0,JUL,2021
Goriška,159.0,284.0,587.0,569.0,265.0,908.0,2772.0,JUL,2021
Obalno-kraška,221.0,351.0,877.0,889.0,420.0,1127.0,3885.0,JUL,2021
Osrednjeslovenska,1135.0,1804.0,4375.0,4268.0,1851.0,5060.0,18493.0,JUL,2021
,,,,,,,,JUL,2021
Občina izven RS,53.0,85.0,152.0,113.0,35.0,76.0,514.0,JUL,2021
Slovenija,5257.0,6867.0,15266.0,14742.0,7182.0,19978.0,69292.0,AVG,2021
,,,,,,,,AVG,2021
Vzhodna Slovenija,3382.0,3861.0,8293.0,8035.0,4262.0,11667.0,39500.0,AVG,2021
Jugovzhodna Slovenija,541.0,458.0,1072.0,906.0,415.0,1353.0,4745.0,AVG,2021
Koroška,181.0,207.0,400.0,412.0,233.0,650.0,2083.0,AVG,2021
Podravska,1047.0,1257.0,2653.0,2586.0,1424.0,3362.0,12329.0,AVG,2021
Pomurska,449.0,437.0,814.0,864.0,515.0,1253.0,4332.0,AVG,2021
Posavska,267.0,269.0,596.0,603.0,340.0,1033.0,3108.0,AVG,2021
Primorsko-notranjska,79.0,133.0,288.0,273.0,120.0,420.0,1313.0,AVG,2021
Savinjska,659.0,897.0,1979.0,1918.0,981.0,3000.0,9434.0,AVG,2021
Zasavska,159.0,203.0,491.0,473.0,234.0,596.0,2156.0,AVG,2021
,,,,,,,,AVG,2021
Zahodna Slovenija,1827.0,2917.0,6830.0,6598.0,2886.0,8236.0,29294.0,AVG,2021
Gorenjska,354.0,516.0,1107.0,990.0,407.0,1285.0,4659.0,AVG,2021
Goriška,152.0,279.0,563.0,554.0,258.0,894.0,2700.0,AVG,2021
Obalno-kraška,217.0,339.0,858.0,865.0,408.0,1100.0,3787.0,AVG,2021
Osrednjeslovenska,1104.0,1783.0,4302.0,4189.0,1813.0,4957.0,18148.0,AVG,2021
,,,,,,,,AVG,2021
Občina izven RS,48.0,89.0,143.0,109.0,34.0,75.0,498.0,AVG,2021
Slovenija,5146.0,6355.0,14306.0,13969.0,6904.0,19442.0,66122.0,SEP,2021
,,,,,,,,SEP,2021
Vzhodna Slovenija,3270.0,3569.0,7753.0,7578.0,4102.0,11391.0,37663.0,SEP,2021
Jugovzhodna Slovenija,544.0,449.0,1038.0,880.0,404.0,1325.0,4640.0,SEP,2021
Koroška,164.0,187.0,361.0,378.0,216.0,622.0,1928.0,SEP,2021
Podravska,984.0,1153.0,2481.0,2437.0,1360.0,3279.0,11694.0,SEP,2021
Pomurska,434.0,392.0,740.0,806.0,499.0,1221.0,4092.0,SEP,2021
Posavska,261.0,250.0,557.0,575.0,337.0,1007.0,2987.0,SEP,2021
Primorsko-notranjska,88.0,117.0,259.0,254.0,114.0,415.0,1247.0,SEP,2021
Savinjska,629.0,817.0,1852.0,1787.0,937.0,2940.0,8962.0,SEP,2021
Zasavska,166.0,204.0,465.0,461.0,235.0,582.0,2113.0,SEP,2021
,,,,,,,,SEP,2021
Zahodna Slovenija,1828.0,2698.0,6402.0,6286.0,2764.0,7977.0,27955.0,SEP,2021
Gorenjska,350.0,464.0,1018.0,897.0,374.0,1225.0,4328.0,SEP,2021
Goriška,149.0,235.0,514.0,525.0,241.0,878.0,2542.0,SEP,2021
Obalno-kraška,227.0,332.0,791.0,837.0,393.0,1057.0,3637.0,SEP,2021
Osrednjeslovenska,1102.0,1667.0,4079.0,4027.0,1756.0,4817.0,17448.0,SEP,2021
,,,,,,,,SEP,2021
Občina izven RS,48.0,88.0,151.0,105.0,38.0,74.0,504.0,SEP,2021
Slovenija,6388.0,6685.0,13954.0,13747.0,6723.0,19157.0,66654.0,OKT,2021
,,,,,,,,OKT,2021
Vzhodna Slovenija,4198.0,3775.0,7588.0,7472.0,3960.0,11201.0,38194.0,OKT,2021
Jugovzhodna Slovenija,619.0,450.0,1011.0,851.0,391.0,1278.0,4600.0,OKT,2021
Koroška,240.0,210.0,345.0,379.0,207.0,623.0,2004.0,OKT,2021
Podravska,1258.0,1255.0,2459.0,2403.0,1307.0,3227.0,11909.0,OKT,2021
Pomurska,557.0,417.0,707.0,799.0,480.0,1179.0,4139.0,OKT,2021
Posavska,332.0,271.0,538.0,564.0,321.0,996.0,3022.0,OKT,2021
Primorsko-notranjska,114.0,124.0,255.0,252.0,113.0,410.0,1268.0,OKT,2021
Savinjska,859.0,840.0,1811.0,1753.0,915.0,2912.0,9090.0,OKT,2021
Zasavska,219.0,208.0,462.0,471.0,226.0,576.0,2162.0,OKT,2021
,,,,,,,,OKT,2021
Zahodna Slovenija,2142.0,2824.0,6226.0,6180.0,2725.0,7881.0,27978.0,OKT,2021
Gorenjska,430.0,471.0,967.0,878.0,362.0,1214.0,4322.0,OKT,2021
Goriška,188.0,278.0,495.0,502.0,240.0,856.0,2559.0,OKT,2021
Obalno-kraška,268.0,340.0,802.0,848.0,393.0,1056.0,3707.0,OKT,2021
Osrednjeslovenska,1256.0,1735.0,3962.0,3952.0,1730.0,4755.0,17390.0,OKT,2021
,,,,,,,,OKT,2021
Občina izven RS,48.0,86.0,140.0,95.0,38.0,75.0,482.0,OKT,2021
Slovenija,6139.0,6538.0,13738.0,13625.0,6535.0,18804.0,65379.0,NOV,2021
,,,,,,,,NOV,2021
Vzhodna Slovenija,4040.0,3683.0,7447.0,7434.0,3839.0,10986.0,37429.0,NOV,2021
Jugovzhodna Slovenija,585.0,473.0,997.0,855.0,368.0,1231.0,4509.0,NOV,2021
Koroška,233.0,215.0,347.0,397.0,223.0,620.0,2035.0,NOV,2021
Podravska,1241.0,1219.0,2359.0,2368.0,1238.0,3174.0,11599.0,NOV,2021
Pomurska,530.0,402.0,710.0,793.0,479.0,1174.0,4088.0,NOV,2021
Posavska,320.0,264.0,532.0,574.0,308.0,981.0,2979.0,NOV,2021
Primorsko-notranjska,105.0,110.0,245.0,239.0,113.0,396.0,1208.0,NOV,2021
Savinjska,821.0,806.0,1795.0,1742.0,905.0,2843.0,8912.0,NOV,2021
Zasavska,205.0,194.0,462.0,466.0,205.0,567.0,2099.0,NOV,2021
,,,,,,,,NOV,2021
Zahodna Slovenija,2039.0,2766.0,6144.0,6093.0,2655.0,7744.0,27441.0,NOV,2021
Gorenjska,421.0,465.0,976.0,873.0,365.0,1199.0,4299.0,NOV,2021
Goriška,175.0,274.0,486.0,497.0,225.0,828.0,2485.0,NOV,2021
Obalno-kraška,258.0,362.0,816.0,865.0,391.0,1056.0,3748.0,NOV,2021
Osrednjeslovenska,1185.0,1665.0,3866.0,3858.0,1674.0,4661.0,16909.0,NOV,2021
,,,,,,,,NOV,2021
Občina izven RS,60.0,89.0,147.0,98.0,41.0,74.0,509.0,NOV,2021
Slovenija,6162.0,6587.0,13903.0,13946.0,6690.0,18681.0,65969.0,DEC,2021
,,,,,,,,DEC,2021
Vzhodna Slovenija,4086.0,3737.0,7584.0,7699.0,3966.0,10928.0,38000.0,DEC,2021
Jugovzhodna Slovenija,590.0,459.0,1006.0,844.0,382.0,1187.0,4468.0,DEC,2021
Koroška,241.0,236.0,366.0,477.0,255.0,611.0,2186.0,DEC,2021
Podravska,1234.0,1247.0,2408.0,2434.0,1290.0,3179.0,11792.0,DEC,2021
Pomurska,544.0,413.0,742.0,862.0,503.0,1228.0,4292.0,DEC,2021
Posavska,317.0,252.0,551.0,593.0,309.0,965.0,2987.0,DEC,2021
Primorsko-notranjska,113.0,106.0,240.0,225.0,116.0,392.0,1192.0,DEC,2021
Savinjska,846.0,830.0,1814.0,1807.0,905.0,2824.0,9026.0,DEC,2021
Zasavska,201.0,194.0,457.0,457.0,206.0,542.0,2057.0,DEC,2021
,,,,,,,,DEC,2021
Zahodna Slovenija,1999.0,2743.0,6137.0,6120.0,2681.0,7677.0,27357.0,DEC,2021
Gorenjska,412.0,482.0,967.0,909.0,375.0,1203.0,4348.0,DEC,2021
Goriška,175.0,272.0,484.0,511.0,223.0,827.0,2492.0,DEC,2021
Obalno-kraška,250.0,360.0,816.0,852.0,391.0,1029.0,3698.0,DEC,2021
Osrednjeslovenska,1162.0,1629.0,3870.0,3848.0,1692.0,4618.0,16819.0,DEC,2021
,,,,,,,,DEC,2021
Občina izven RS,77.0,107.0,182.0,127.0,43.0,76.0,612.0,DEC,2021
Slovenija,6038.0,6667.0,14342.0,14486.0,6998.0,19303.0,67834.0,JAN,2022
,,,,,,,,JAN,2022
Vzhodna Slovenija,4036.0,3813.0,7925.0,8051.0,4182.0,11330.0,39337.0,JAN,2022
Jugovzhodna Slovenija,601.0,464.0,1055.0,922.0,414.0,1262.0,4718.0,JAN,2022
Koroška,239.0,225.0,388.0,467.0,273.0,646.0,2238.0,JAN,2022
Podravska,1196.0,1259.0,2479.0,2489.0,1338.0,3285.0,12046.0,JAN,2022
Pomurska,561.0,464.0,835.0,955.0,553.0,1310.0,4678.0,JAN,2022
Posavska,323.0,236.0,570.0,614.0,327.0,938.0,3008.0,JAN,2022
Primorsko-notranjska,105.0,122.0,256.0,234.0,119.0,408.0,1244.0,JAN,2022
Savinjska,817.0,846.0,1872.0,1904.0,949.0,2915.0,9303.0,JAN,2022
Zasavska,194.0,197.0,470.0,466.0,209.0,566.0,2102.0,JAN,2022
,,,,,,,,JAN,2022
Zahodna Slovenija,1922.0,2733.0,6212.0,6278.0,2762.0,7890.0,27797.0,JAN,2022
Gorenjska,403.0,475.0,976.0,939.0,389.0,1248.0,4430.0,JAN,2022
Goriška,172.0,262.0,484.0,516.0,219.0,832.0,2485.0,JAN,2022
Obalno-kraška,247.0,357.0,828.0,890.0,405.0,1067.0,3794.0,JAN,2022
Osrednjeslovenska,1100.0,1639.0,3924.0,3933.0,1749.0,4743.0,17088.0,JAN,2022
,,,,,,,,JAN,2022
Občina izven RS,80.0,121.0,205.0,157.0,54.0,83.0,700.0,JAN,2022
Slovenija,5650.0,6258.0,13693.0,13853.0,6626.0,18703.0,64783.0,FEB,2022
,,,,,,,,FEB,2022
Vzhodna Slovenija,3772.0,3565.0,7489.0,7687.0,3940.0,10967.0,37420.0,FEB,2022
Jugovzhodna Slovenija,589.0,452.0,1009.0,876.0,406.0,1191.0,4523.0,FEB,2022
Koroška,200.0,196.0,363.0,429.0,255.0,616.0,2059.0,FEB,2022
Podravska,1098.0,1161.0,2314.0,2362.0,1247.0,3203.0,11385.0,FEB,2022
Pomurska,518.0,426.0,788.0,892.0,510.0,1266.0,4400.0,FEB,2022
Posavska,310.0,232.0,555.0,602.0,307.0,911.0,2917.0,FEB,2022
Primorsko-notranjska,99.0,125.0,242.0,231.0,105.0,391.0,1193.0,FEB,2022
Savinjska,776.0,785.0,1759.0,1842.0,899.0,2845.0,8906.0,FEB,2022
Zasavska,182.0,188.0,459.0,453.0,211.0,544.0,2037.0,FEB,2022
,,,,,,,,FEB,2022
Zahodna Slovenija,1805.0,2576.0,6014.0,6024.0,2639.0,7652.0,26710.0,FEB,2022
Gorenjska,367.0,446.0,921.0,863.0,367.0,1225.0,4189.0,FEB,2022
Goriška,159.0,237.0,460.0,516.0,214.0,817.0,2403.0,FEB,2022
Obalno-kraška,234.0,323.0,820.0,843.0,395.0,1043.0,3658.0,FEB,2022
Osrednjeslovenska,1045.0,1570.0,3813.0,3802.0,1663.0,4567.0,16460.0,FEB,2022
,,,,,,,,FEB,2022
Občina izven RS,73.0,117.0,190.0,142.0,47.0,84.0,653.0,FEB,2022
Slovenija,5239.0,5786.0,12786.0,12759.0,6146.0,17818.0,60534.0,MAR,2022
,,,,,,,,MAR,2022
Vzhodna Slovenija,3512.0,3288.0,7011.0,7026.0,3641.0,10415.0,34893.0,MAR,2022
Jugovzhodna Slovenija,559.0,429.0,953.0,845.0,362.0,1103.0,4251.0,MAR,2022
Koroška,190.0,183.0,336.0,354.0,237.0,593.0,1893.0,MAR,2022
Podravska,1007.0,1075.0,2133.0,2154.0,1154.0,3041.0,10564.0,MAR,2022
Pomurska,473.0,369.0,730.0,767.0,459.0,1180.0,3978.0,MAR,2022
Posavska,305.0,232.0,524.0,567.0,304.0,870.0,2802.0,MAR,2022
Primorsko-notranjska,93.0,112.0,223.0,220.0,100.0,366.0,1114.0,MAR,2022
Savinjska,705.0,715.0,1668.0,1685.0,827.0,2740.0,8340.0,MAR,2022
Zasavska,180.0,173.0,444.0,434.0,198.0,522.0,1951.0,MAR,2022
,,,,,,,,MAR,2022
Zahodna Slovenija,1674.0,2411.0,5637.0,5630.0,2476.0,7335.0,25163.0,MAR,2022
Gorenjska,325.0,389.0,847.0,782.0,334.0,1166.0,3843.0,MAR,2022
Goriška,140.0,220.0,442.0,495.0,206.0,787.0,2290.0,MAR,2022
Obalno-kraška,229.0,287.0,781.0,799.0,371.0,997.0,3464.0,MAR,2022
Osrednjeslovenska,980.0,1515.0,3567.0,3554.0,1565.0,4385.0,15566.0,MAR,2022
,,,,,,,,MAR,2022
Občina izven RS,53.0,87.0,138.0,103.0,29.0,68.0,478.0,MAR,2022
Slovenija,4975.0,5549.0,12216.0,12241.0,5868.0,17232.0,58081.0,APR,2022
,,,,,,,,APR,2022
Vzhodna Slovenija,3348.0,3204.0,6734.0,6760.0,3502.0,10142.0,33690.0,APR,2022
Jugovzhodna Slovenija,557.0,431.0,971.0,837.0,366.0,1097.0,4259.0,APR,2022
Koroška,181.0,185.0,322.0,329.0,218.0,599.0,1834.0,APR,2022
Podravska,952.0,1046.0,2048.0,2059.0,1120.0,2951.0,10176.0,APR,2022
Pomurska,445.0,365.0,674.0,710.0,430.0,1106.0,3730.0,APR,2022
Posavska,292.0,224.0,496.0,555.0,288.0,842.0,2697.0,APR,2022
Primorsko-notranjska,90.0,101.0,201.0,213.0,97.0,341.0,1043.0,APR,2022
Savinjska,657.0,686.0,1597.0,1639.0,787.0,2702.0,8068.0,APR,2022
Zasavska,174.0,166.0,425.0,418.0,196.0,504.0,1883.0,APR,2022
,,,,,,,,APR,2022
Zahodna Slovenija,1576.0,2263.0,5349.0,5380.0,2337.0,7025.0,23930.0,APR,2022
Gorenjska,302.0,340.0,782.0,746.0,305.0,1105.0,3580.0,APR,2022
Goriška,126.0,214.0,417.0,485.0,198.0,750.0,2190.0,APR,2022
Obalno-kraška,216.0,258.0,719.0,733.0,336.0,910.0,3172.0,APR,2022
Osrednjeslovenska,932.0,1451.0,3431.0,3416.0,1498.0,4260.0,14988.0,APR,2022
,,,,,,,,APR,2022
Občina izven RS,51.0,82.0,133.0,101.0,29.0,65.0,461.0,APR,2022
Slovenija,4616.0,5306.0,11748.0,11776.0,5601.0,16807.0,55854.0,MAJ,2022
,,,,,,,,MAJ,2022
Vzhodna Slovenija,3114.0,3082.0,6525.0,6512.0,3350.0,9949.0,32532.0,MAJ,2022
Jugovzhodna Slovenija,532.0,425.0,948.0,816.0,347.0,1077.0,4145.0,MAJ,2022
Koroška,161.0,177.0,311.0,320.0,208.0,579.0,1756.0,MAJ,2022
Podravska,887.0,981.0,2016.0,1977.0,1058.0,2905.0,9824.0,MAJ,2022
Pomurska,417.0,343.0,649.0,666.0,414.0,1084.0,3573.0,MAJ,2022
Posavska,257.0,215.0,489.0,520.0,279.0,826.0,2586.0,MAJ,2022
Primorsko-notranjska,83.0,109.0,187.0,210.0,92.0,323.0,1004.0,MAJ,2022
Savinjska,613.0,671.0,1517.0,1599.0,764.0,2660.0,7824.0,MAJ,2022
Zasavska,164.0,161.0,408.0,404.0,188.0,495.0,1820.0,MAJ,2022
,,,,,,,,MAJ,2022
Zahodna Slovenija,1449.0,2141.0,5063.0,5149.0,2219.0,6798.0,22819.0,MAJ,2022
Gorenjska,270.0,326.0,719.0,699.0,283.0,1051.0,3348.0,MAJ,2022
Goriška,118.0,195.0,393.0,466.0,201.0,714.0,2087.0,MAJ,2022
Obalno-kraška,186.0,237.0,671.0,707.0,313.0,895.0,3009.0,MAJ,2022
Osrednjeslovenska,875.0,1383.0,3280.0,3277.0,1422.0,4138.0,14375.0,MAJ,2022
,,,,,,,,MAJ,2022
Občina izven RS,53.0,83.0,160.0,115.0,32.0,60.0,503.0,MAJ,2022
Slovenija,4337.0,5137.0,11314.0,11344.0,5345.0,16383.0,53860.0,JUN,2022
,,,,,,,,JUN,2022
Vzhodna Slovenija,2950.0,2992.0,6291.0,6249.0,3144.0,9666.0,31292.0,JUN,2022
Jugovzhodna Slovenija,509.0,431.0,919.0,792.0,339.0,1058.0,4048.0,JUN,2022
Koroška,156.0,173.0,296.0,289.0,184.0,589.0,1687.0,JUN,2022
Podravska,836.0,953.0,1952.0,1895.0,987.0,2820.0,9443.0,JUN,2022
Pomurska,392.0,323.0,615.0,634.0,374.0,1029.0,3367.0,JUN,2022
Posavska,251.0,209.0,458.0,484.0,259.0,793.0,2454.0,JUN,2022
Primorsko-notranjska,76.0,94.0,190.0,204.0,85.0,301.0,950.0,JUN,2022
Savinjska,573.0,654.0,1461.0,1558.0,743.0,2598.0,7587.0,JUN,2022
Zasavska,157.0,155.0,400.0,393.0,173.0,478.0,1756.0,JUN,2022
,,,,,,,,JUN,2022
Zahodna Slovenija,1333.0,2057.0,4840.0,4963.0,2158.0,6646.0,21997.0,JUN,2022
Gorenjska,252.0,302.0,704.0,652.0,287.0,1045.0,3242.0,JUN,2022
Goriška,110.0,200.0,366.0,443.0,190.0,711.0,2020.0,JUN,2022
Obalno-kraška,159.0,224.0,628.0,673.0,296.0,835.0,2815.0,JUN,2022
Osrednjeslovenska,812.0,1331.0,3142.0,3195.0,1385.0,4055.0,13920.0,JUN,2022
,,,,,,,,JUN,2022
Občina izven RS,54.0,88.0,183.0,132.0,43.0,71.0,571.0,JUN,2022
Slovenija,4287.0,5334.0,11602.0,11521.0,5349.0,16248.0,54341.0,JUL,2022
,,,,,,,,JUL,2022
Vzhodna Slovenija,2893.0,3143.0,6493.0,6332.0,3156.0,9568.0,31585.0,JUL,2022
Jugovzhodna Slovenija,500.0,455.0,949.0,803.0,343.0,1056.0,4106.0,JUL,2022
Koroška,149.0,181.0,317.0,296.0,180.0,579.0,1702.0,JUL,2022
Podravska,807.0,974.0,1972.0,1915.0,990.0,2795.0,9453.0,JUL,2022
Pomurska,381.0,334.0,638.0,627.0,367.0,1029.0,3376.0,JUL,2022
Posavska,249.0,225.0,469.0,495.0,260.0,774.0,2472.0,JUL,2022
Primorsko-notranjska,76.0,94.0,206.0,191.0,87.0,308.0,962.0,JUL,2022
Savinjska,585.0,716.0,1535.0,1599.0,762.0,2555.0,7752.0,JUL,2022
Zasavska,146.0,164.0,407.0,406.0,167.0,472.0,1762.0,JUL,2022
,,,,,,,,JUL,2022
Zahodna Slovenija,1337.0,2103.0,4921.0,5045.0,2151.0,6609.0,22166.0,JUL,2022
Gorenjska,260.0,330.0,741.0,675.0,294.0,1052.0,3352.0,JUL,2022
Goriška,116.0,208.0,392.0,442.0,191.0,688.0,2037.0,JUL,2022
Obalno-kraška,161.0,225.0,621.0,683.0,285.0,842.0,2817.0,JUL,2022
Osrednjeslovenska,800.0,1340.0,3167.0,3245.0,1381.0,4027.0,13960.0,JUL,2022
,,,,,,,,JUL,2022
Občina izven RS,57.0,88.0,188.0,144.0,42.0,71.0,590.0,JUL,2022
Slovenija,4224.0,5352.0,11586.0,11480.0,5307.0,15986.0,53935.0,AVG,2022
,,,,,,,,AVG,2022
Vzhodna Slovenija,2854.0,3161.0,6487.0,6349.0,3135.0,9421.0,31407.0,AVG,2022
Jugovzhodna Slovenija,514.0,462.0,943.0,799.0,349.0,1057.0,4124.0,AVG,2022
Koroška,151.0,178.0,318.0,298.0,175.0,558.0,1678.0,AVG,2022
Podravska,785.0,952.0,1946.0,1903.0,988.0,2744.0,9318.0,AVG,2022
Pomurska,365.0,347.0,640.0,628.0,354.0,1030.0,3364.0,AVG,2022
Posavska,250.0,237.0,481.0,491.0,261.0,762.0,2482.0,AVG,2022
Primorsko-notranjska,73.0,96.0,212.0,208.0,93.0,298.0,980.0,AVG,2022
Savinjska,569.0,719.0,1552.0,1632.0,757.0,2518.0,7747.0,AVG,2022
Zasavska,147.0,170.0,395.0,390.0,158.0,454.0,1714.0,AVG,2022
,,,,,,,,AVG,2022
Zahodna Slovenija,1305.0,2099.0,4905.0,4985.0,2122.0,6487.0,21903.0,AVG,2022
Gorenjska,253.0,346.0,743.0,659.0,283.0,1037.0,3321.0,AVG,2022
Goriška,116.0,201.0,407.0,446.0,179.0,673.0,2022.0,AVG,2022
Obalno-kraška,158.0,229.0,642.0,667.0,298.0,822.0,2816.0,AVG,2022
Osrednjeslovenska,778.0,1323.0,3113.0,3213.0,1362.0,3955.0,13744.0,AVG,2022
,,,,,,,,AVG,2022
Občina izven RS,65.0,92.0,194.0,146.0,50.0,78.0,625.0,AVG,2022
Slovenija,4329.0,4920.0,10930.0,11101.0,5139.0,15624.0,52043.0,SEP,2022
,,,,,,,,SEP,2022
Vzhodna Slovenija,2877.0,2880.0,6080.0,6117.0,3042.0,9234.0,30230.0,SEP,2022
Jugovzhodna Slovenija,546.0,432.0,904.0,792.0,335.0,1023.0,4032.0,SEP,2022
Koroška,155.0,166.0,291.0,291.0,172.0,557.0,1632.0,SEP,2022
Podravska,772.0,879.0,1782.0,1794.0,943.0,2704.0,8874.0,SEP,2022
Pomurska,369.0,306.0,603.0,622.0,348.0,993.0,3241.0,SEP,2022
Posavska,249.0,219.0,470.0,483.0,252.0,754.0,2427.0,SEP,2022
Primorsko-notranjska,69.0,91.0,197.0,208.0,97.0,300.0,962.0,SEP,2022
Savinjska,581.0,637.0,1447.0,1567.0,745.0,2465.0,7442.0,SEP,2022
Zasavska,136.0,150.0,386.0,360.0,150.0,438.0,1620.0,SEP,2022
,,,,,,,,SEP,2022
Zahodna Slovenija,1387.0,1955.0,4645.0,4813.0,2045.0,6310.0,21155.0,SEP,2022
Gorenjska,261.0,333.0,698.0,640.0,269.0,1015.0,3216.0,SEP,2022
Goriška,130.0,162.0,369.0,418.0,179.0,650.0,1908.0,SEP,2022
Obalno-kraška,171.0,219.0,617.0,668.0,285.0,794.0,2754.0,SEP,2022
Osrednjeslovenska,825.0,1241.0,2961.0,3087.0,1312.0,3851.0,13277.0,SEP,2022
,,,,,,,,SEP,2022
Občina izven RS,65.0,85.0,205.0,171.0,52.0,80.0,658.0,SEP,2022
Slovenija,5459.0,5434.0,10729.0,10940.0,5053.0,15376.0,52991.0,OKT,2022
,,,,,,,,OKT,2022
Vzhodna Slovenija,3669.0,3212.0,5972.0,6006.0,2997.0,9097.0,30953.0,OKT,2022
Jugovzhodna Slovenija,577.0,447.0,900.0,794.0,322.0,992.0,4032.0,OKT,2022
Koroška,200.0,210.0,285.0,285.0,173.0,544.0,1697.0,OKT,2022
Podravska,1030.0,973.0,1726.0,1744.0,923.0,2657.0,9053.0,OKT,2022
Pomurska,513.0,341.0,587.0,624.0,340.0,983.0,3388.0,OKT,2022
Posavska,312.0,229.0,484.0,482.0,248.0,745.0,2500.0,OKT,2022
Primorsko-notranjska,96.0,106.0,184.0,208.0,93.0,299.0,986.0,OKT,2022
Savinjska,790.0,742.0,1435.0,1524.0,752.0,2442.0,7685.0,OKT,2022
Zasavska,151.0,164.0,371.0,345.0,146.0,435.0,1612.0,OKT,2022
,,,,,,,,OKT,2022
Zahodna Slovenija,1726.0,2141.0,4557.0,4759.0,2004.0,6197.0,21384.0,OKT,2022
Gorenjska,337.0,374.0,665.0,653.0,268.0,978.0,3275.0,OKT,2022
Goriška,167.0,184.0,340.0,408.0,177.0,643.0,1919.0,OKT,2022
Obalno-kraška,226.0,246.0,616.0,657.0,278.0,793.0,2816.0,OKT,2022
Osrednjeslovenska,996.0,1337.0,2936.0,3041.0,1281.0,3783.0,13374.0,OKT,2022
,,,,,,,,OKT,2022
Občina izven RS,64.0,81.0,200.0,175.0,52.0,82.0,654.0,OKT,2022
Slovenija,5212.0,5371.0,10740.0,10943.0,5060.0,15215.0,52541.0,NOV,2022
,,,,,,,,NOV,2022
Vzhodna Slovenija,3532.0,3147.0,5954.0,6005.0,3019.0,9010.0,30667.0,NOV,2022
Jugovzhodna Slovenija,562.0,451.0,887.0,790.0,315.0,946.0,3951.0,NOV,2022
Koroška,200.0,187.0,299.0,288.0,169.0,540.0,1683.0,NOV,2022
Podravska,975.0,944.0,1719.0,1742.0,937.0,2647.0,8964.0,NOV,2022
Pomurska,506.0,358.0,594.0,643.0,354.0,989.0,3444.0,NOV,2022
Posavska,310.0,219.0,500.0,494.0,254.0,737.0,2514.0,NOV,2022
Primorsko-notranjska,95.0,105.0,188.0,208.0,94.0,291.0,981.0,NOV,2022
Savinjska,744.0,730.0,1419.0,1498.0,749.0,2442.0,7582.0,NOV,2022
Zasavska,140.0,153.0,348.0,342.0,147.0,418.0,1548.0,NOV,2022
,,,,,,,,NOV,2022
Zahodna Slovenija,1612.0,2141.0,4584.0,4756.0,1993.0,6108.0,21194.0,NOV,2022
Gorenjska,308.0,378.0,673.0,663.0,264.0,976.0,3262.0,NOV,2022
Goriška,162.0,192.0,351.0,419.0,178.0,645.0,1947.0,NOV,2022
Obalno-kraška,233.0,261.0,640.0,663.0,287.0,802.0,2886.0,NOV,2022
Osrednjeslovenska,909.0,1310.0,2920.0,3011.0,1264.0,3685.0,13099.0,NOV,2022
,,,,,,,,NOV,2022
Občina izven RS,68.0,83.0,202.0,182.0,48.0,97.0,680.0,NOV,2022
Slovenija,5057.0,5372.0,10990.0,11285.0,5242.0,15235.0,53181.0,DEC,2022
,,,,,,,,DEC,2022
Vzhodna Slovenija,3441.0,3115.0,6086.0,6231.0,3151.0,9053.0,31077.0,DEC,2022
Jugovzhodna Slovenija,551.0,438.0,888.0,788.0,308.0,939.0,3912.0,DEC,2022
Koroška,194.0,197.0,303.0,324.0,181.0,537.0,1736.0,DEC,2022
Podravska,938.0,927.0,1759.0,1793.0,970.0,2665.0,9052.0,DEC,2022
Pomurska,506.0,350.0,635.0,711.0,393.0,1022.0,3617.0,DEC,2022
Posavska,286.0,207.0,505.0,503.0,260.0,748.0,2509.0,DEC,2022
Primorsko-notranjska,87.0,102.0,194.0,217.0,96.0,294.0,990.0,DEC,2022
Savinjska,743.0,744.0,1455.0,1551.0,789.0,2445.0,7727.0,DEC,2022
Zasavska,136.0,150.0,347.0,344.0,154.0,403.0,1534.0,DEC,2022
,,,,,,,,DEC,2022
Zahodna Slovenija,1536.0,2149.0,4649.0,4850.0,2033.0,6071.0,21288.0,DEC,2022
Gorenjska,297.0,411.0,714.0,685.0,272.0,972.0,3351.0,DEC,2022
Goriška,147.0,188.0,368.0,428.0,185.0,618.0,1934.0,DEC,2022
Obalno-kraška,220.0,263.0,654.0,705.0,311.0,807.0,2960.0,DEC,2022
Osrednjeslovenska,872.0,1287.0,2913.0,3032.0,1265.0,3674.0,13043.0,DEC,2022
,,,,,,,,DEC,2022
Občina izven RS,80.0,108.0,255.0,204.0,58.0,111.0,816.0,DEC,2022
Slovenija,5109.0,5544.0,11568.0,11885.0,5557.0,15723.0,55386.0,JAN,2023
,,,,,,,,JAN,2023
Vzhodna Slovenija,3469.0,3215.0,6445.0,6642.0,3371.0,9432.0,32574.0,JAN,2023
Jugovzhodna Slovenija,571.0,461.0,922.0,836.0,321.0,954.0,4065.0,JAN,2023
Koroška,193.0,189.0,320.0,352.0,198.0,581.0,1833.0,JAN,2023
Podravska,930.0,958.0,1848.0,1913.0,1053.0,2794.0,9496.0,JAN,2023
Pomurska,505.0,379.0,726.0,798.0,453.0,1095.0,3956.0,JAN,2023
Posavska,294.0,204.0,504.0,507.0,268.0,754.0,2531.0,JAN,2023
Primorsko-notranjska,97.0,103.0,226.0,244.0,102.0,312.0,1084.0,JAN,2023
Savinjska,747.0,763.0,1553.0,1645.0,824.0,2519.0,8051.0,JAN,2023
Zasavska,132.0,158.0,346.0,347.0,152.0,423.0,1558.0,JAN,2023
,,,,,,,,JAN,2023
Zahodna Slovenija,1541.0,2178.0,4819.0,4996.0,2113.0,6164.0,21811.0,JAN,2023
Gorenjska,292.0,408.0,769.0,719.0,304.0,1016.0,3508.0,JAN,2023
Goriška,142.0,191.0,388.0,456.0,181.0,613.0,1971.0,JAN,2023
Obalno-kraška,226.0,281.0,668.0,759.0,309.0,831.0,3074.0,JAN,2023
Osrednjeslovenska,881.0,1298.0,2994.0,3062.0,1319.0,3704.0,13258.0,JAN,2023
,,,,,,,,JAN,2023
Občina izven RS,99.0,151.0,304.0,247.0,73.0,127.0,1001.0,JAN,2023
Slovenija,4792.0,5277.0,11147.0,11484.0,5303.0,15401.0,53404.0,FEB,2023
,,,,,,,,FEB,2023
Vzhodna Slovenija,3229.0,3066.0,6161.0,6360.0,3183.0,9262.0,31261.0,FEB,2023
Jugovzhodna Slovenija,537.0,426.0,900.0,808.0,311.0,958.0,3940.0,FEB,2023
Koroška,171.0,179.0,302.0,323.0,186.0,569.0,1730.0,FEB,2023
Podravska,855.0,925.0,1782.0,1830.0,973.0,2702.0,9067.0,FEB,2023
Pomurska,465.0,361.0,681.0,750.0,424.0,1062.0,3743.0,FEB,2023
Posavska,287.0,191.0,479.0,497.0,252.0,736.0,2442.0,FEB,2023
Primorsko-notranjska,91.0,93.0,216.0,248.0,100.0,299.0,1047.0,FEB,2023
Savinjska,695.0,733.0,1473.0,1557.0,786.0,2532.0,7776.0,FEB,2023
Zasavska,128.0,158.0,328.0,347.0,151.0,404.0,1516.0,FEB,2023
,,,,,,,,FEB,2023
Zahodna Slovenija,1469.0,2068.0,4686.0,4877.0,2047.0,6029.0,21176.0,FEB,2023
Gorenjska,271.0,371.0,735.0,681.0,294.0,988.0,3340.0,FEB,2023
Goriška,148.0,178.0,382.0,448.0,174.0,606.0,1936.0,FEB,2023
Obalno-kraška,212.0,266.0,642.0,765.0,303.0,802.0,2990.0,FEB,2023
Osrednjeslovenska,838.0,1253.0,2927.0,2983.0,1276.0,3633.0,12910.0,FEB,2023
,,,,,,,,FEB,2023
Občina izven RS,94.0,143.0,300.0,247.0,73.0,110.0,967.0,FEB,2023
